use babsim;

INSERT INTO Member (member_id, name, email, job, address, membership, register_date, member_img)
VALUES
    ('1', '이원준', 'wjl0831@gmail.com', 'STUDENT', '대구광역시', 'NORMAL', '2023-01-15 10:00:00', 'https://avatars.githubusercontent.com/u/151692917?s=400&v=4'),
    ('2', '조재용', 'jaedragon2002@gmail.com', 'STUDENT', '인천광역시', 'PREMIUM', '2023-06-12 11:10:00', 'https://avatars.githubusercontent.com/u/66457807?v=4'),
    ('3', '송재훈', 'jhssong02@gmail.com', 'STUDENT', '대구광역시', 'NORMAL', '2023-06-12 11:10:00', 'https://avatars.githubusercontent.com/u/66457807?v=4'),
    ('4', '임준혁', 'imjh0417@gmail.com', 'STUDENT', '울산광역시', 'PREMIUM', '2024-07-24 20:30:00', 'https://avatars.githubusercontent.com/u/139840247?v=4'),
    ('5', '김민수', 'minsoo@naver.com', 'WORKER', '서울특별시', 'NORMAL','2024-06-23 10:20:11', 'https://avatars.githubusercontent.com/u/151692917?s=400&v=4');

INSERT INTO Point (point_id, member_id, point_content, point_price, point_type)
VALUES
    (1, 1, '신규회원', 1000, 'REWARD'),
    (2, 2, '신규회원', 1000, 'REWARD'),
    (3, 3, '신규회원', 1000, 'REWARD'),
    (4, 4, '신규회원', 1000, 'REWARD'),
    (5, 5, '신규회원', 1000, 'REWARD');

INSERT INTO Category (category_id, category_name)
VALUES
    (1,'Main Courses'),
    (2,'Simple'),
    (3,'Vegan'),
    (4,'Snack'),
    (5,'Baking'),
    (6,'Diet'),
    (7,'Oven'),
    (8,'Keto');

INSERT INTO Recipe (recipe_id, creator_id, recipe_imgs, recipe_name, recipe_description, difficulty, cooking_time, recipe_detail_imgs, ingredients, recipe_contents, timers, category_id)
VALUES
    (1, '1','b0d7e10e-a01e-40e5-8455-a009bf53c23f', '가볍게 한끼 메밀샐러드', '각종 야채 위에 메밀면을 올려 맛있게 비벼서 드셔보세요  다이어트 중인 분들도 맛있게 먹을 수 있는 메밀샐러드로 가볍고 맛있는 한끼', 'EASY', 900,'7b705802-628b-4158-b2d6-91fbad1e2477,d6e49d83-0c21-4368-a8c5-f60f99082e32,e1cec1cd-525b-479c-b79b-8af60e98deaf,83d374e5-28c9-4fa8-84a2-330da3fb716d,68bb9e7b-c464-438a-bf0d-ebe2587b6a31,83e6d90d-ed89-467c-bc6e-f0e86bb395ce,c6bbb495-d05b-4b83-9010-447172c4395e', '메밀면 1인분,어린잎채소 1줌,달걀 3개,빨간파프리카 1/2개,올리브오일 3숟가락,간장 2.5숟가락,올리고당 3숟가락,다진마늘 1/2숟가락,레몬즙 1/2숟가락', '끓는 물에 메밀면을 4분간 삶는다/코팅한 팬에 달걀을 넣고 달걀지단을 부친다./파프리카는 먹기 좋은 크기로 썬다./지단을 돌돌 말아 채 썬다./메밀 면이 다 삶아지면 흐르는 물에 여러 번 헹궈 물기를 제거한다./드레싱 재료를 넣고 섞는다./접시에 채소, 메밀면, 지단, 파프리카를 얹어 소스와 곁들여 완성한다.', '150,10,120,160,90,180,140',  1),
    (2, '1','8f8e30d1-e999-4254-845f-96c9414aaa99', '오징어 볶음, 향과 맛이 일품! 백종원 오징어 볶음', '백종원님의 레시피중에 간혹 감탄이 나오는 레시피가 있는데 바로 오징어볶음입니다. 살짝 불향까지 나는것이 아주 일품이네요. 쉬운 레시피로 따라하기도 쉽습니다. 오늘 메뉴로 해 보세요~', 'EASY', 1200,'60b38ff3-88fd-44b1-9eb4-46e9dba8d808,c5c1c938-8aeb-4977-8a59-1fdd98eb371f,616a05db-c626-4a69-85e0-3c61f24b63bf,a9f0cd3a-dfd6-4e23-a303-134f8bd411df,094a8294-7cf8-449a-a06e-4e88914a28a3,7f8a10a5-3bb6-4129-ad5d-69c31145394c,70e8c78b-5de0-420e-a27c-54cf6457cbba,3d44aa1c-157e-41da-ae97-21badccac010', '오징어 2마리,양배추 1/4통,당근 1/2개,양파 1개,풋고추 2개,파 2뿌리,식용유 3큰술,설탕 1큰술,마늘 1큰술,고추장 1큰술,간장 5큰술,고춧가루 3큰술,물 1/2컵,참기름 1큰술,통깨 적당량', '양배추, 당근, 양파, 파(준비량의 반)는 길쭉하고 굵게, 고추도 어슷큼직하게 썹니다. 오징어도 깨끗하게 손질해서 먹기좋은 크기로 썹니다. /팬에 식용유 3큰술과 송송썬 파를 넣은 후 불을 올려 볶아요. 파기름이 충분히 나오게, 노르스름해질때까지 볶습니다./파가 노르스름하게 볶아지면 오징어를 넣고 볶다가 설탕 1큰술을 넣어 볶습니다./마늘 1큰술 고추장 1큰술을 넣어고 볶습니다. 볶는 시간은 최소로 하세요, 마늘넣고 팬들어가며 섞어주는식으로 볶고, 고추장 넣고도 마찬가지로요./간장 5큰술, 고춧가루 3큰술을 넣고 볶습니다. 너무 뻑뻑한 느낌이 들면 물 반컵을 넣고 볶습니다./이제 준비한 채소를 볶던 팬에 전부 넣습니다./잘 섞어가며 채소의 숨이 죽지않게 단시간으로 볶다가 불에서 내리기 직전 참기름을 촤악~ 둘러주고 끝!!/그릇이나 달군 팬에 먹음직스럽게 담고 통깨를 솔솔 뿌려 상에 냅니다. 완성!입니다. 맛있게 드세요~', '50,120,90,80,160,60,140,30',  1),
    (3, '1','0461bcc2-af70-47a0-b47b-7ccc86f8b586', '시금치무침 (시금치데치는 방법 시금치나물요리 나물반찬 반찬레시피)', '봄에 먹는 제철나물반찬입니다 시금치 데치는 방법과 무침양념을 알려드립니다', 'EASY', 600,'659efcf7-5fd4-45cf-be58-319454f2cb83,83d2dd75-aeb5-4a29-b078-946963877f62,ce96cf5e-7d94-42b1-bdf9-e5f2d9f29eae,064d677b-071d-433b-b75d-b5957ebdc8c7,a378573d-265b-43a8-9bc0-46b2bbbffa7c,f332572e-2af2-40c6-9ab3-9c2e9f8de313,27a1ab5b-c858-4e4a-b2a4-792ea84e4248,917561e4-5ab6-4b97-943d-83a6cfd1715d', '시금치 300g,소금 1스푼,물 넉넉히,다진마늘 1스푼,참치액 1.5스푼,참기름 1스푼,깨소금 1스푼,소금 0.5스푼', '시금치는 뿌리를 잘라 낸 후 한잎한잎 떼어서 찬물에 흔들어 가면서 씻어 흙과 불순물을 제거 해 준다/냄비에 물을 넉넉히 붓고 소금 1스푼을 넣은 후 끓여준다/물이 끓으면 씻은 시금치를 넣고 약 40초 가량 데쳐준다/데친 시금치는 찬물에 헹구어 준다/대파는 길이로 반으로 자른 후 잘게 썰어준다/볼에 시금치를 꼭 짜서 담아준다/무침 양념을 모두 넣어준다/조물조물 양념과 시금치가 고루 섞이 도록 무쳐준다', '170,30,130,100,10,150,90,160',  1),
    (4, '1','cc51b933-bd61-462d-beb7-9566367a891a', '고추장 대신 된장소스 곁들인 감칠맛 가득 부추비빔밥', '된장소스로 고소하고 감칠맛 있는 비빔밥 참치, 부추, 계란에 특제 된장소스를 넣고 슥슥 비벼주면 간단한 한끼 완성 입맛 없고 반찬하기 싫을 때 감칠맛을 살린 부추된장비빔밥으로 한끼 뚝딱해보세요.', 'EASY', 900,'7d9513a1-5ce9-470a-b3f2-62dd75d8406d,2f278210-284e-4543-898b-d49b24f3b8f1,648aeaae-fb2b-4077-b880-d2b90668f65b,dbece386-55c3-4dc4-95e6-773399419db3,215415c6-be49-4e90-9e1a-8b6c9fe526f1,9e362cdc-7c1e-427a-90d1-d4be1c48755a', '부추 50g,참치 1캔,달걀 1개,밥 1공기,된장 1숟가락,식초 1숟가락,다진마늘 1/3숟가락,청양고추 1/3개,들기름 1숟가락,매실청 1/2숟가락', '부추는 잘게 잘라요./참치는 물기 없이 짜서 준비해요./청양고추는 잘게 다져요./분량의 재료를 섞어서 된장비빔장을 만들어요./달걀후라이를 반숙으로 구워요./그릇에 밥&gt;부추&gt;달걀&gt;참치&gt;된장비빔장 순서로 넣어 완성해요.', '50,70,60,30,120,170',  1),
    (5, '1','f6654ba5-287e-4f8d-b664-e904dd01d342', '계란 초밥 만드는법 다이어트 초밥 단촛물 레시피', '다이어트할때 먹기 좋은 계란초밥 레시피 입니다. ', 'MEDIUM', 3600,'51283328-8dc2-40bf-a8ac-bbea0fee3911,8b034b43-4261-47f8-aaed-1f91a12e6984,48ee9b56-3d28-4a12-9125-259258bdb060,3d073f15-4485-48e4-a3a4-fbfe4dbfdbbe,f379bdc0-9bba-45d7-947c-27d8ce87b818,baea41c6-1aa4-4eb1-9913-5c5e239e59f5,ec67990b-5a1d-411e-b2cd-dc2c54e84872,45e8e1bd-c2c0-4a17-a340-d80f286ed2e0,c1c1619f-4724-48ca-85b3-925ff6817726,64873f53-ab73-467b-a3cb-0938af9991bd,bae47f7c-376e-4e24-af35-609825370d5f,ffa1b042-03e7-402d-9ca6-a8d788f3a017,bd8597dc-198e-42c9-bc43-c2d32a39e89f', '계란 6개,물 6T,알룰로스 2T,우유 5T,식초 1T,알룰로스 1T,김 1/2장', '계란 6개 준비해주세요/물 1T 넣어주세요/우유 5T 넣어주세요/알룰로스가루 2T 넣어주세요/잘 섞어주세요/체에 한번 걸러주세요/프라이팬에 기름을 둘러 계란물을 조금 올려주세요/반으로 접어 계란말이로 만들어주세요/도톰하게 만들어 졌으면 한 김 식혀주세요/2~3 cm정도 두께로 잘라 주세요/밥에 식초 1T,알룰로스가루 1T넣어 잘 섞어준 다음 길쭉한 모양으로 만들어주세요/김을 길쭉하게 잘라서 준비해 주세요./밥 위에 계란을 올린 다음 김으로 둘러 주세요', '10,130,170,20,30,50,70,90,160,150,110,100,140',  1),
    (6, '1','f4308714-b5d4-49f2-a575-e72212621b3b', '누구나 맛있게 만들수 있는 김치볶음밥', '입맛 없을때 만들어먹으면 밥 한그릇 뚝딱인 김치볶음밥!!! ', 'EASY', 1800,'703634c0-a0ec-4e51-93da-eb9ed163759f,745a54ff-ed58-423a-b5e5-cf2215ac3b4a,af1726ec-d42d-4100-9e7b-da5dc99aa06b,9d1cfc56-44a9-4a95-b006-181bf6cdad67,2230ba69-a769-4942-99ce-bb728dd6ff2b,316a6cb4-ba76-4309-bf70-d2384de7398f,f39a919b-b33b-42c3-964d-67bd0cb6c3d1,8cb3b0ad-ad7a-49b2-aaa4-4afaee09d833', '김치 1공기,파 50g,스팸 3조각,밥 2공기,간장 2스푼,굴소스 1스푼,고춧가루 2스푼', '후라이팬에 식용류를 붓고 파를 넣어 파기름을 만든다. /파기름 향이 솔솔 올라오면 큐브모양으로 잘라놓은 스팸을 넣고 같이 볶는다. /스팸이 적당히 노른노른 구워지면 잘게 잘라놓은 김치를 넣고 같이 볶는다./이때 고춧가루 2스푼을 넣어준다./김치가 잘 볶아졌으면 한쪽으로 재료를 몰아주고 빈 공간에 간장을 2스푼 넣고 끓어오르면 재료와 함께 잘 섞어준다./식은밥 2공기를 넣고 골고루 섞어준다./밥이 재료와 잘 섞였으면 마지막으로 굴소스 1스푼 넣고 잘 섞어준다./접시에 담은 후 취향에 따라 계란 후라이나 김가루를 올려주면 끝~~', '100,20,140,80,120,50,170,90',  1),
    (7, '1','e7821fd7-c710-4386-84a5-c19e7dd675a9', '비엔나 만두 강정', '만두 강정을 만드려다가 집에 비엔나소세지가 있어서 같이 만들어봤어요ㅎㅎ', 'EASY', 900,'38480764-4c36-4750-865d-57ed909f20d0,8bf18a8d-0274-4f39-a441-aff0d3895932,ef86a103-dae2-4618-8f51-990865812471,32f72bd8-6060-4076-a344-ad71e5163d32,27055fc6-8521-41b2-8534-872fcbaae0bf,88f81eee-4dab-4dab-b2c2-cb141184fac0', '만두 10개,비엔나소세지작은거 1봉,물 1T,간장 1T,고추장 2T,케찹 2T,올리고당 1.5T,다진마늘 1t,참기름 약간,깨 약간', '만두는 기름을 두룬 팬에 노릇하게 구워줍니다./비엔나 소세지에 원하는 모양대로 칼집을 내고 팬에 볶아줍니다./비엔나가 어느정도 구워지면 만두를 같이 넣어줍니다./양념장을 넣고 양념이 고루 베이도록 잘 섞어줍니다./양념이 어느정도 베이면 위에 통깨를 뿌려 마무리합니다./간식이나 술안주, 밑반찬으로 먹기 좋은 비엔나만두강정 완성!', '120,10,130,100,20,30',  2),
    (8, '1','c5c7965b-c392-4b35-965b-0d79fcdfd7fe', '쫄깃한 닭다리살로 오야꼬동(일본식 닭고기 덮밥) 만들기!', '쫄깃한 닭다리살로 오야꼬동 만드는 법 어렵지 않아요~! 레시피는 2인분 기준이니 1인분 만드시는 분은 재료들의 양을 조절해서 만들어주세요:)', 'EASY', 900,'c018f2d8-cc15-468a-91fe-6af3a7baff8d,dba1f8a2-af51-419a-a30d-a7bff2e29c92,f32b345f-e827-4a54-99f2-59766fa62a75,0540ddf4-a49a-44eb-b975-df10348dc18f,7f89faa2-e7f2-4b19-86ec-74b431598917,94aec515-55f9-4f14-ac44-26e101a918d9,7b208bce-7a84-4bc1-9a90-e94200f854b7,d730534a-c456-4426-aa41-7b08980be69f,37f54c48-2b0c-4ab4-8bfb-3a4dad71b666', '닭다리살 300g,양파 1/2개,계란 2개,밥 2인분,표고버섯 2~3개,진간장 3T,설탕 1.5~2T,맛술 1T,굴소스 1T,꿀 1/2T,고춧가루 1t', '먼저 닭다리살은 흐르는 물에 깨끗이 씻은 후 한입 크기로 잘라주시고, 양파와 버섯도 얇게 채썰어서 준비해주세요!/진간장,설탕,맛술,굴소스,꿀을 모두 넣고 잘 섞어준 뒤 소스는 잠시 대기시켜주세요!/계란도 잘 풀어서 준비해주세요!/팬에 기름을 조금 두르고, 닭다리살 껍질 부분이 아래로 가게 해서 구워주세요~/닭다리살 겉면이 전체적으로 하얗게 익었다면 아까 썰어놓은 양파를 넣고 양파가 아래쪽으로 가도록 해주세요!/양파와 고기가 어느정도 익었다면 물 적당량(자작하게 깔릴 정도만)과 아까 만들어놓은 양념장을 모두 넣어주세요!/혹시 버섯도 넣으실 분은 사진처럼 양념이 좀 자작해졌을 때 넣어주시면 됩니다!/양념이 거의 졸아서 밥에 비벼먹기 딱 좋은 양이 되었다면 아까 풀어놓은 계란을 넣어주세요!/밥에 얹어서 위에 고춧가루를 취향껏 뿌려드시면 단짠단짠 오야꼬동 완성입니다:)', '20,150,30,10,180,100,110,140,70',  2),
    (9, '1','497da51d-0cba-4074-a9a9-10baf21804a7', '#최애반찬#소세지강정', '아이들의 최애반찬! 저 또한 소세지 반찬만 있으면  밥 뚝딱이랍니다. 밥도둑 도시락 반찬이자  술안주로도 최고 최고ㅋㅋ', 'EASY', 1200,'d6730af0-49d1-467f-bcef-8a19a59c9f3d,566bd5ca-4d1a-47c1-a1cc-63fa3bb67449,83713ee7-240b-49c7-a906-1f4e41b7664d,11e2a73f-166d-4e8c-a21a-ab4ffa86a221,170e035b-0fcc-444f-8760-ff8035d2eb58,970e8072-c7df-4430-b13b-ede530a3c718,5900d50b-e798-45dc-9500-cbcfd1acef2c', '비엔나소세지 30개,양파 1개,캐첩 5큰술,간장 1스푼,설탕 1스푼,식초 1스푼,굴소스 1스푼,올리고당 1스푼', '소세지 슥슥 칼집을 넣어주세요./끓는 물에 살짝 데쳐 주세요./캐첩 5스푼, 간장 1스푼, 굴소스 1스푼, 설탕 1스푼, 식초 1스푼을 넣고 양념장을 만들어 주세요./달군팬에 양파 등을 볶아주세요./데친 소세지를 넣어주세요./양념장을 넣고 달달 볶아주세요./윤기 및 달달한 맛을 추가하기 위해 올리고당 한바퀴만 둘러주면 밥도둑 최애반찬 완성입니다.', '120,140,70,100,110,180,50',  2),
    (10, '1','f52af061-8036-45c0-ba56-bc0717f1a76d', '액젓으로 감칠맛이 업업! 초간단 계란국 / 달걀국', '어디에나 잘 어울리는 계란국! 액젓을 넣어 감칠맛을 더 높여서 끓여보았어요:)', 'EASY', 1800,'152544f8-1e68-42a9-a8c2-720df204be30,1104bfa8-f8d0-4971-89fd-ef75b3f96b66,a1658a47-922a-487a-b69d-dfcc7d1cebe5,a319ddaf-0034-4b31-a264-ceb14ed9774e,92f304b8-83f8-405f-9aa0-92194b43b216,a002d108-6370-47a7-a3cf-57eec49942ec', '계란 3알,물 3-4컵,다진파 1T,소금 약간,액젓 1t,다시마 1장,멸치 8마리', '달걀은 소금 한꼬집 넣어 잘 풀어주세요/냄비에 물 붓고 다시마, 멸치를 넣어 센불에서 끓이다 끓어오르면 중약불로 줄여 약 10-15분 정도 더 끓여서 밑국물을 만들어 주세요./약 10-15분 후, 밑국물 재료는 건져내고 액젓 1t를 넣어주세요./그 다음 달걀물을 원을 그리듯이 부어주세요./약 30초 있다가 한번 휘이 저어주세요./불끄고 송송 썬 파 1T 넣고 부족한 간은 소금으로 하면 완성입니다.', '20,110,150,50,180,60',  2),
    (11, '2','2165df78-5782-40e1-97ff-2cceb7e870c8', '초간단 연두부반찬 ', '초보 집밥요리, 초간단 초스피드 연두부반찬 만들기입니다.', 'EASY', 300,'7f930564-b5e3-46ab-bab0-679629568143,63027e5e-46e8-4a35-b200-48f0a2f23709,9bbdebd4-51a3-4a43-83df-b3e56364126f,f1d51ac3-9dd7-4e47-9e78-3e2222ec3ff4,999f768f-96fa-4fa2-aca0-ba92bffe355e,1a93d201-618d-49b7-9ef6-6ffe3ecc926a', '연두부 ,다진파 ,다진청양고추 ,다진마늘 ,간장 1~2스푼,고춧가루 조금,깨소금 조금,참기름 ', '마늘, 청양고추, 파는 다져 놓고/그릇에 담고/간장 1~2스푼, 고춧가루 조금, 깨소금 조금 넣고/잘 섞어준 다음 마지막으로 참기름 넣고 섞어주면 양념장 끝./연두부 위에/솔솔 부어주면 연두부 양념장 만들기 완성.', '160,70,10,20,100,120',  2),
    (12, '2','4bbc718c-c86f-4440-98f2-a1688f0043cc', '매콤 된장찌개, 채소와 두부만 넣은 초간단 초스피드 된장찌개', '고기와 곁들여 먹으면 좋은 가벼운 느낌의 된장찌개 입니다.', 'EASY', 900,'b286d0f9-0d3b-4ee3-9f7a-c4ecf1b53731,fd9196d9-0a48-4c64-9623-60ca766ffbfa,89e0f712-65ec-4f91-bb7e-6cc30ee1e859,8b95a3d5-2baf-4429-b632-4fbad8502fd5', '느타리버섯 1줌,양파 1/2개,애호박 1/4개,청양고추 2개,두부 1/4모,물 1.5종이컵,된장 2T,진간장 1T,고추가루 1.5T,다진마늘 0.5T,설탕 0.5티스푼,소금 간맞추기', '물1.5종이컵에 된장,고추가루,다진마늘,설탕,간장을 한데넣고 한소끔 끓여줍니다./그사이 양파,버섯,애호박,청양고추,두부는 적당한 크기로 썰어줍니다./한소끔 끓은 된장물에 양파,버섯,애호박,청양고추,두부를 넣어 줍니다./애호박이 익을때까지 끓여주어 간을보아 부족한간은 소금으로 해주어 완성. 저는 부족한간이 없어 소금은 넣지 않았습니다.', '120,20,130,140',  2),
    (13, '2','83b0c615-e001-4b59-8710-e02edff33a19', '봄동 된장무침', '김장김치가 조금 물릴때쯤 집에서 자주 해먹는 음식중 하나입니다. 봄동은 가격도 저렴하고 금방 무쳐놓으면 젖가락이 자주 가는 반찬이지요^^ 만드는 방법도 간단하니 금방 만들어 식탁에 올려보세요~~', 'EASY', 900,'7d142229-6c65-4dd8-9f47-4be5de5e9598,19606fea-d4c8-42f5-acaf-938f0312e1a7,9919ec13-3aac-4f64-acd2-c4866689260f,fe7e4933-744b-4bd2-b314-70077daccd6e,be23d153-f3dc-4fb0-9c22-c70d3caae997,919bef0a-d0f3-48ed-979e-e4bc8af934eb,238429ff-ec24-4b6e-8940-ece3fd9e0381', '데쳐서물기짠봄동 600g,다진파 2큰술,다진마늘 1큰술,된장 2큰술,고추장 1큰술,매실액 2큰술,참기름 1큰술,통깨 1큰술,소금 약간', '봄동은 잎이 연한것으로 고른다./잎을 떼어 끓는 물에 소금을 넣고 데친다./찬물에 여러번 헹구어 씻어 물기를 꼭 짠다./파와 마늘은 다진다./봄동은 먹기좋은 크기로 자른다./위의 양념으로 조물조물 무친다./접시에 담는다.', '10,170,160,180,40,70,150',  3),
    (14, '2','edf246f0-6201-4ee2-9a14-ec4a1d8dde4a', '우리집 최애 반찬 마늘아몬드조림 레시피', '마늘이 몸에 좋은건 아는데 자주 챙겨먹지 않게 되더라구용 . 하지만 아몬드와 함께 조림식으로 만들어 먹으니 단짠단짠한 양념맛 때문에 반찬으로 잘 먹게 되네요^^', 'EASY', 1200,'c6108c84-48d2-493c-bc2a-a1abc763621c,d71b9d85-a8ff-41fb-b3d2-4cad78eb97fd,66b00ae3-a662-4fd4-9f09-b0423e23c766,ee978b0e-837c-4ea6-aed0-9e7924687117,9ff8e059-3351-475e-896b-c8624d05bebf,b81af0b9-5e1d-40e6-9361-c853f3fddd7e', '통마늘 40알,아몬드 1줌,통깨 솔솔,식용유 약간,간장 2T,물 2T,물엿 1.5T', '먼저 깐 마늘은 물로 한번 헹구어 주시구요. 마늘이 너무 크다면 먹기좋게 반쪽으로 나눠 주세요/달궈진 팬에 식용유를 둘러 준 뒤 마늘을 넣고 튀기듯 노릇노릇 구워 줍니다. 굽다보면 마늘의 알싸한 향이 올라와 군침돌아요/마늘이 노릇노릇 구워지면 아몬드도 넣고 살짝 볶아줍니다/다 볶아지면 미리 준비해둔 양념을 부어 약불에서 타지 않게 조려주심 끝^^/정말 간단하게 만든 건강반찬 마늘아몬드 조림 완성이에요/물엿이 들어가서인지 윤기가 좌르르 흘러요.한번 먹어보니 알싸한 맛이 하나도 없고 정말 부드러우면서 맛있네요, 간장과 물엿의 양념들이 어우러져 단짠단짠한 맛이 밥과 함께 먹으면 참 맛있어요, 몸에 좋은 마늘과 아몬드의 조합이라 우리집 최애반찬으로 추천합니다^^암환자분들 항암반찬으로도 좋습니다.', '130,80,180,160,60,30',  3),
    (15, '2','d53b735c-c59b-4e27-9035-a888d679a68c', '[비건채식] 새송이버섯 소금구이 ', '간단하게 새송이버섯 소금구이 만들어 저녁 반찬했어요.  새송이버섯, 소금, 후추, 들기름으로 만든 초간단 요리지만  들기름과 새송이버섯 어우러져 후각과 미각을 자극하네요.', 'EASY', 300,'184a5940-dc0d-4142-ba34-e662f7fe7ee0,3eaaa844-dc79-4b57-940d-982e27dfad2a,5a983546-2bb0-42d9-bf8b-44727cefa578,5b9f110f-0813-4939-a884-35371f0c4cd0', '새송이버섯 400g,소금 1ts,후추 약간', '새송이버섯을 정리하여/팬에 들기름을 붓고/새송이버섯을 펼쳐 소금과 후추를 뿌려/앞뒤로 노릇노릇하게 구워요.', '120,30,20,40',  3),
    (16, '2','dc91d129-94d2-46a3-856e-ab023e006c09', '에어프라이어로 달콤한 허니버터 고구마 만들기', '가끔 패밀리 레스토랑에서 사이드 메뉴로 허니버터고구마가 나오면 너무 맛있어서 순삭했는데요. 에어프라이어로도 패밀리레스토랑 비슷하게 허니버터고구마 만들수 있답니다.', 'EASY', 1800,'f8b9a8b8-3e1e-48c6-a495-071151e5c5a8,0920f351-692b-431f-a47a-e1ef9908ae32,9e56419d-a6a5-4967-b37b-ba82c24f0b48,d7ec7d79-d068-4f12-84d3-7a3ea79fc468,3d93c8d3-8a57-46de-b348-cb9d9e11d817,a21c19ee-6739-4da6-87d0-b58f6df0cbef', '고구마 ,버터 ,꿀 ,피자치즈 ', '먼저 고구마를 익혀줄껀데 깨끗이 씻은 고구마를 180도 15-20분 돌려주세요/다익은 고구마는 칼로 반나눠 썰어 주시는데요. 칼이 끝가지 가지 않게 위에만 살짝 썰어주신 뒤 손으로 벌려 주시면 됩니다./버터 한조각 가운데 올리고 꿀 살짝 뿌려줍니다/그 다음 그 위에 모짜렐라 치즈를 뿌리고 파슬리가루를 솔솔 뿌려주신뒤 170도에 5분 돌려 주시면 끝!!!/에어프라이어로 만든 허니버터고구마 완성되었어요^^/노릇노릇하니 정말 맛있어 보이지 않나요?한입 먹어보니', '70,100,180,110,30,170',  3),
    (17, '2','28bf2f21-5584-48a8-95e8-8d9b7b4325e8', '근사한 두부가지구이', '제가 좋아하는 두부와 가지를 이용해서 구이를 해 봤는데요. 밥반찬으로도 좋고 영양도 좋아 올여름 내내 두부 호박 가지 같은 신선 재료를 즐겨 먹었던 것 같아요.', 'EASY', 1800,'6c934640-736a-4c27-a6ea-da5fce155fff,08acd70b-20e5-4818-9f2d-d1ec4d514274,4e734966-534a-4f72-a7bd-1451d0a25cf3,92f09261-fea7-4b15-90a4-6b453a8123c7,3e9c2426-4374-4e76-9f00-e9883798984f', '가지 1개,두부 조금,기름 ,대파흰부분 ,청양고추 ,마늘 ,간장 2큰술,물 1큰술,참기름 ', '가지는 반으로 가르로 두부는 작은 깍둑썰기를 해 주세요. 대파 흰부분을 채친 후 두부 크기에 맞춰 썰고 청양고추, 마늘을 준비해 주었답니다./가지의 안쪽에 칼집을 낸 후 팬에 기름을 두르고 앞뒤로 노릇하게 구워주세요/가지를 구웠던 팬에 기름을 두르고 두부를 넣고 노릇하게 튀기듯 볶아주세요./대파 흰부분과 청양고추, 마늘, 간장, 물, 참기름을 넣고 고루 섞어주면 간장양념 만들기 끝. 물을 조금 넣어주면 양념이 짜지 않아 좋아요./가지구이를 접시에 담고 두부튀김도 가운데 수북이 올린 후 준비한 간장양념을 적당히 부어주면 완성이에요.', '70,80,40,130,20',  3),
    (18, '2','29cfa87a-4f0a-42de-88f3-e8ba20caea2b', '【2분반찬】고기와 환상궁합인 쪽파무침 만들기~', '갑작스레 손님이 온다는 소식에 준비한게 아무것도 없어서 삼겹살을 구워 먹기로 했어요~파채 썰 시간 조차도 없이 촉박할때 초스피드로 한번 만들어 보셔요~파채랑은 또다른 별미~!새콤달콤 고기와 환상궁합 이에용^~^~♥', 'EASY', 300,'b5546faa-459f-40a0-ad45-78fed875a27d,462d4c5b-596c-4ed5-b844-45492ff7adc1,50cf4c5e-62d3-44bb-9c1a-7f5b689cfbc8', '쪽파 20줄기,간장 1.5T,설탕 1.5T,식초 1.5T,고춧가루 2T,참기름 1T,통깨 1/2T', '초스피드 답게 쪽파 20줄기는 깨끗히 씻어 길쭉길쭉하게 "가위로" 썰어 주셔요~~/그다음 양념장 고춧가루2스푼,간장한스푼반,설탕한스푼반,식초한스푼반,참기름한스푼,통깨 반스푼 넣고 조물조물 무쳐 주시면 끝이에요~~/고기랑 같이 드심 정말 진심 리얼 엄지척 하실 꺼에요ㅎㅎ 친구분이 맛있다고 다드셔서 나중에 한번더 무쳤어용~초간단으로 완전 맛난 쪽파 무침 고기 구워 드실때 특히 강추입니다~!!', '100,80,160',  3),
    (19, '2','4b02099d-a5d0-4382-9f22-a1fc8aece0d4', '아이들 영양 간식! 밤호박크로켓', '겉은 바삭하고 속은 달콤하고 부드러운 아이들 양양 간식! 밤호박크로켓 소개합니다.', 'MEDIUM', 1800,'f4161ba5-e2b6-4174-a7b7-700236a60dc4,51e658f6-e76a-42fb-9712-725e6c29f664,7f318d3a-d4b7-44cc-a0c4-c8647f3b116b,c063f1ab-84c5-4fbb-826d-805937220ae0,4aadceea-dd15-488b-ae44-669f4a8bffdc,b538a29d-e630-46d2-80c7-e83fe52f2998,6136461d-7c26-4779-b65b-2fc9a8ea01a4,4135de45-e9e0-4f38-bc4a-b9c0c0bde23e', '밤호박 1개,달걀 2개,양파 1/4개,당근 약간,슬라이스치즈 1장,햄 약간,올리고당 1큰술,소금 약간,밀가루 적당량,빵가루 적당량,식용유 적당량', '1. 밤호박은 흐르는 물에 씻은 후 반으로 썰어줍니다./2. 밤호박은 씨를 제거하고 김이 오른 찜통에 쪄서 껍질을 제거하고 으깨어줍니다. 밤호박을 으깰 때에는 포크를 이용하면 좋아요./3. 양파와 당근은 껍질을 벗겨 씻은 후 잘게 썰어주고 햄은 끓는 물에 튀겨서 잘게 썰고 슬라이스치즈도 잘게 썰어줍니다./4. 으깬 밤호박에 양파, 당근, 슬라이스치즈, 햄, 올리고당, 소금을 넣고 고루 버무린 후 동글납작한 모양으로 만들어 줍니다. 밤호박 크로켓에 양파와 당근 외에도 아이들이 싫어하는 채소를 넣어 주어도 좋겠지요./5. 밀가루, 달걀물, 빵가루 순으로 튀김옷을 입혀줍니다. 모양이 흐트러지지 않도록 조심하고 모양은 원하는 모양으로 만들어 주면 됩니다./6. 달군 프라이팬에 식용유를 붓고 170도씨 온도에서 5를 넣어 노릇노릇하게 튀겨서 접시에 키친타월을 깔고 건져내어 기름기를 제거해 줍니다./7. 밤호박크로켓을 그릇에 담아냅니다.', '80,170,40,30,110,150,10',  4),
    (20, '2','67a7ab3a-a4f5-4719-9502-bff514789fa1', '초간단 딸기롤 샌드위치 만들기', '봄 소풍 도시락용으로도 참 좋은 아이템 딸기롤 샌드위치 입니다.', 'EASY', 900,'0a8b48ca-10a4-408c-91ce-34f6106f00ff,30ba7833-c87c-4e8d-bedd-727c72268365,f9f72baf-53ea-4f8a-84e4-fafcdff443a6,8c0ce50c-9d18-4e16-9231-3d1594d05e37,1c1dd53b-71aa-461c-8668-4d82266eecb8,0f9a5bc4-cc97-4144-a81e-ce93add97b61,3c9917a3-97c5-44b7-afa4-8dba5c3fbfba,d20a0b5f-d827-4d68-9254-8671dae1b4eb', '식빵 3장,딸기 12개,마요네즈 조금,설탕 조금', '먼저 딸기는 깨끗이 씻어서 앞뒤로 다듬어주시고, 식빵 가장자리를 잘라준 다음, 밀대로 밀어주세요./식빵 위에 먼저 마요네즈 얇게 펴바른 뒤, 설탕을 솔솔 뿌려주시고, 그 위에 일정 두께로 다듬어놓은 딸기를 식빵 끝부분에 줄줄이 얹어주세요./딸기를 잘 감싸면서 돌돌 말아준 다음, 랩으로 한번 더 돌돌 말아주세요./랩으로 식빵 끝까지 잘 감싸준 다음 10분 정도 고정 시켜준 뒤, 잘 드는 칼로 잘라주시면 끝!', '110,60,30,10',  4),
    (21, '3','3ea0d73e-07ba-4dbc-b28f-f09109259a88', '간단한 또띠아 콘피자', '아이와 함께 만들 수 있는 간단한 또띠아 콘피자예요~ 평소 안먹던 양파도 아주 잘 먹네요~', 'EASY', 900,'3b936ac2-dd16-48ad-9a8a-694e6a8cd5fa,1b4af668-9c31-4998-ad5a-844a97733b93,21f16ae4-eee3-4ed6-b2fa-9746ad7140bc,695c36a7-4205-44c8-838c-df9ac149a9fe,57580325-a9cf-42a8-8e15-9006c836a0c1,0206104a-15b3-4c80-a149-f81ba3d8fd1c', '또띠아 ,통조림옥수수 ,양파 ,마요네즈 ,피자치즈 ', '옥수수통조림은 국물빼서 준비하시고 양파는 채썰어 준비합니다./또띠아는 기름두르지않은 후라이팬에서 한번 구워서 준비합니다. 그럼 더 바삭한 또띠아피자빵이 됩니다./구운 또띠아에 마요네즈 살짝 발라주고... 먹다 생각하건데....꿀을 함께 발라주어도 맛있을거 같아요~^^/마요네즈 바른 또띠아위에 채썰은 양파를 올려주세요./그 위에 옥수수통조림을 듬뿍 올려줍니다~ 그리고 그 위에 피자치즈 올려서... 180도 예열한 오븐에서 10분간 구워줍니다./짜잔~~ 노릇노릇한 콘피자가 완성~', '130,20,110,10,30,120',  4),
    (22, '3','a7d76014-bdfb-4fcc-9dfc-54f649b24027', '홈메이드 인절미빙수', '크루통을 넣어 만든 홈메이드 인절미 빙수입니다.', 'EASY', 1800,'d9707b17-04b1-4fb3-aa84-13d4034577e7,b8282c88-11c4-4638-98fc-c46e453da207,864a6437-34bc-4091-873f-aaadeba6ffa8,f4c0a0f9-ef73-450e-95c5-5d0c3c20a30c,f95d1cd0-f423-4c92-ab3c-6484460587c2', '찹쌀가루 60g,우유 5큰술,우유얼음 ,콩가루 ,슬라이스아몬드 ,식빵 1장,설탕 1큰술,연유 ,버터 1큰술', '찹쌀가루를 전자렌지 용기에 넣고 황설탕, 우유를 넣어 섞어준다. /완성된 떡을 적당한 크기로 썰고 콩가루에 묻혀 인절미를 만든다./식빵을 큐브모양으로 썰어준 다음 팬에 버터를 녹이고 식빵을 약한 불에 수분이 날아갈때 까지 볶는다./우유 얼음을 빙수기에 갈아 그릇에 반정도 넣는다. 그 다음 인절미와 연유를 넣어 주고 다시 우유얼음을 갈아 올려준다./그 위에 인절미와 콩가루를 올려주고 아몬드 슬라이스와 크루통을 올려준다. 연유를 취향껏 뿌려준다.', '50,110,40,120,130',  4),
    (23, '3', '4420c88c-695f-441e-a53d-d4cfbb77d052', '병아리콩 스낵', '다이어트하는 분에게도 좋고 아이들 간식으로도 좋은 병아리콩스낵 소개합니다.', 'EASY', 900, 'd74422ef-dc22-462d-9f65-1d8cc3fa40a8,7dd2fb3e-0c1b-4e73-9745-0d4da343a8ae,88b846ed-6be8-4731-9c99-883d5a93b83a,79a8023b-de39-4774-8507-b002c8ebfbbb,7d4207a0-efc6-479e-a051-cc30667d0a6d,23b6e62e-2757-4162-8bb2-0c8bbf15e214,04dcaeb1-4ad4-4bba-8265-c72aa1691503', '병아리콩 2컵,오일 1스푼,설탕 1.5스푼,올리고당 1스푼', '병아리콩은 씻어서 4시간 이상 불려줍니다./불려진 병아리콩은 밥에 넣어 밥을 해도 됩니다./잘 불려진 콩은 물기를 빼줍니다./오븐팬에 넓게 펼쳐 180도에서 15분 가량 구워줍니다./중간에 뒷면도 익을수 있게 팬을 흔들어서 15분 더 구워줍니다./오븐이 없는 분은 후라이팬에서 볶아주심 됩니다./구운 콩은 그대로 먹어도 되지만 오일, 올리고당, 설탕을 넣고 잘 섞어 병아리콩에 버무려 오븐에 10분 정도 더 구워줘도 좋습니다. (양념에 버무리는 병아리콩스낵은 처음에 20분만 굽고 양념발라 10분 더 구워줍니다.)', '20,170,110,10,160,80,90',  4),
    (24, '3','07d6ffbe-0e85-4bf1-adf0-64c4c524d85b', '롯데리아 보다 더 맛있는 엄마표 새우버거', '영양만점 엄마표 새우버거! 패티가 엄청 두꺼워서 더 맛있어요!!', 'EASY', 900,'6bcc116f-aec2-4737-a3ff-dd6192192165,31dd5e67-431e-4b74-a8f9-96c8cd513ec8,e9b0158f-b5f1-4383-8408-18711728caae,43469375-07d6-4d5d-95dd-22727ff1475d,2748a34d-aa79-4d4d-adb7-0fa695d28fb0,4811ec7a-1303-4e19-9ec0-dce3515678a0', '칵테일새우 250g,계란 1개,미니파프리카(노란색) 1개,밀가루 ,빵가루 ,모닝빵 5개,양상추 ,토마토 1개,치커리 조금,다진양파 1큰술,다진당근 1큰술,마요네즈 2큰술,마요네즈 4큰술,케찹 1작은술,레몬즙 1작은술,다진피클 1작은술,흰후추 조금,양파 ,파프리카 ,당근 ', '새우버거 소스로는 타르타르 소스에 케찹을 조금 섞어 사우전 아일랜드 소스 비슷하게 만들었어요... /저는 마침 튀김하고 남은 기름이 있기에 이번에는 롯데리아 처럼 튀겨냈어요.. 칼로리 걱정이 있긴 하지만.. 튀기는 것이 맛있기는 하죠..^^ 자주만 아니라면 가끔은 튀김도 이렇게 추운날에는 한번씩 먹을만 한것 같아요.. 튀기지 않으실 거라면 오븐이나 후라이팬(중불)으로도 담백하게 구워낼수 있어요!.../햄버거 속재료로 양상추와 토마토를 사러 마트에 갔는데 양상추가 다 떨어졌다네요...ㅠㅠ. 그래서 로메인 상추와 치커리를 조금 사봤는데 햄버거 만들어 놓고 나니.. 색감이 양상추보다 더 이쁜듯 하네요../모닝빵을 사다가 햄버거를 만들었어요. 모닝빵은 반으로 가른후 밑면에 마요네즈를 살짝 발라주세요~../마요네즈를 바른 빵 위로 로메인 상추을 깔고 새우패티를 올려줍니다./준비한 재료 사이사이에 마요네즈를 살짝 발라주면 재료가 서로 잘 밀리지 않아 좋은것 같아요. 마지막으로 미리 만들어둔 소스를 올려준후 모닝빵 윗면을 올려주시면 되요!...', '130,20,50,80,40,10',  4),
    (25, '3','d648dc0a-6712-4988-865c-baa732ab9cb7', '채식베이킹 시금치롤', '시금치를 갈아 넣어 아침식사 대용 빵으로 좋은 시금치롤빵입니다.', 'MEDIUM', 900,'6587df6f-674d-4535-95dc-e4acc45d2723,e105e3b3-17cc-4e16-b931-3098e56d94b7,dbf43e3d-a4a2-4724-b73c-b857eea0bddd,2c69daee-b233-42cf-a087-4eecd8efd3f1,f897ed37-0336-44c3-8d08-fa58c364a898,6d303f19-68f1-44d6-a38b-1c7bd95ab880', '강력분 300g,설탕 30g,소금 6g,버터 45g,달걀 24g,인스턴트드라이이스트 7g,데친시금치 100g,물 50g', '시금치는 끓는물에 30초 정도 데쳐 물기를 꼬옥 짜주세요. 데친시금치 100g과 물 60g을 넣어 갈아주세요./강력분, 소금, 설탕, 인스턴드라이이스트, 달걀을 넣고 갈아준 시금치를 넣어 반죽이 한덩이가 될 때까지 반죽해 주세요. 버터를 넣어 반죽이 매끄러워질 때까지 반죽해 주세요./1차 발효 50분 정도 반죽의 2배 2,5배가 될 때까지 발효해 주세요./가스를 뺀 반죽을 40g씩 분할해서 둥글리기 한후 중간발효 15분 해주세요. 손바닥을 이용해서 올챙이 모양으로 만들어 주세요./밀대로 윗부분을 밀어주신 후에 아래부분을 손으로 잡고 밀대로 밀어 삼각형 모양을 만들어 주세요. 위쪽부터 돌돌 말아주시면 완성입니다./오븐팬에 버터롤을 넣고 2차발효 30~40분 발효해 주세요. 반죽의 2배가 될 때까지 발효해 주세요.', '120,90,10,130,110,50',  5),
    (26, '3','deca8cf2-e478-4282-9279-0b9f0cc1eccf', '또띠아마늘칩 -10분이면 가능 또띠아칩 #간단간식', '간단하게 누구나 만들수있는 바삭한또띠아칩 마늘과 버터를 넣어 더욱 맛있어요', 'EASY', 600,'2e2c47fd-73d0-4a12-8f63-0a09671b5a5e,baaa1158-98c3-48aa-a48c-84edc5fefbb1,a85ac031-161d-44bd-949a-d65791c857a2,eaf3ca47-44f8-4b95-af17-df6eaf0e6338', '또띠아 2~3장,버터 1스푼,다진마늘 0.5스푼,파슬리가루 0.5스푼,꿀 1스푼', '그릇에 버터1,다진마늘0.5,파슬린가루0.5,꿀1 또는 시럽/또띠아 위에  마늘소스를 고루 펴주고/가위를 이용해 적당한 크기로 잘라 줍니다./또띠아마늘칩 완성', '60,50,100,30',  5),
    (27, '3','bc4ca18c-f442-4ab7-bfe5-e6e3a27e3fd9', '아몬드샤브레', '아몬드가루를 넣어 만들어서 그런가 기존의 샤브레쿠키보다 부드럽고 폭신한 식감이에요. 만들기두 간단하고 샤브레쿠키는 끝도 없는거같네요. 아몬드슬라이스를 한개씩 올려서 구웠더니 더 고급져 보인달까요. 선물용으로도 괜찮고 간식용으로도 딱이네요.', 'EASY', 900,'afdf65d2-a10d-4e15-9898-7c2d68bb36fa,1153d003-9eaf-48b4-bb90-1410152cd654,a7f17d9d-365e-4dc2-af69-79c85bdfe40e,4d8c2ece-51eb-4b70-b212-8c5d8231139c,8307bcf9-9aee-47f7-86b3-f21ecf770504,1930d365-f6cd-4f0e-80bf-1d3651475f95,7eb47017-0c51-4a94-bd69-8b976d5dbbac,297fbf31-2a2c-4d1f-ad17-2ff4508cf16c,e8b6aad4-20a5-4083-b426-d2946598fb1f', '버터 70g,설탕 50g,노른자 1개,박력분 100g,아몬드가루(3T) 30g,</div> 조금', ' 버터를 푼다./ 설탕을 넣고 섞는다./계란은 노른자만 넣고 섞는다./박력분과 아몬드가루를 체쳐넣고 섞은 후/박력분과 아몬드가루를 체쳐넣고 섞은 후 모양을 잡아 2시간냉동한다./설탕을 묻혀/일정하게 잘라주세요. 설탕을 묻히고 자르든 자르고나서 묻히든. 저는 묻히고 잘랐다가 굽기전에 한번 더 묻혀줬어요. 자르고 나면 설탕 다떨어짐./오븐(180℃)에서 13~15분간 굽기. 아몬드 슬라이스를 하나씩 올려줬어요. 반으로 짤라서 꽃모양으로 올려도 이쁠듯./폭신폭신하며 부드러운 식감. 아몬드 샤브레 완성이에요. 기존의 샤브레보다 아몬드슬라이스 하나 올린것뿐인데 뭔가 멋스러운게 꼭 선물하고 싶은 쿠키네요.', '90,120,50,110,150,60,160,170,70',  5),
    (28, '3','4d42d83c-616a-43ac-abab-ab9e7b1bae93', '고구마쿠키/ 고구마가 들어간 고구마쿠키', '하이', 'EASY', 900, '', '버터 60g,설탕 40g,노른자 1개,박력분 100g,삶은고구마 60g', '', '',  5),
    (29, '3','0c37cf01-87a2-4bce-954b-6002c6fd29bf', '코코넛샤브레', '맛이 보장된 쿠키', 'EASY', 7200,'ea54f3b4-3585-4daf-8eee-b605aa7fd8f7,86b982a1-d3dd-43c3-b746-6df417545e03,6519eb5f-373b-4d9c-a9b6-b62971946ad9,87cb3196-fb1b-46da-aa47-3a1de3b8e6d7,5cec2f04-88bd-4e56-9e43-6ee942ff8568', '버터 80,설탕 30,슈가파우더 20,노른자 1개,박력분 120,코코넛가루 80', '실온상태의 버터를 부드럽게 풀어준 후 설탕과 슈가파우더 넣고 휘핑해줍니다./노른자도 넣고 휘핑해주셔요./박력분과 코코넛가루를 체쳐 넣고 11자로 주걱을 세워 섞어준후 뭉쳐줍니다,./반죽을 긴 원통형으로 모양잡아 유산지나 종이호일로 잘 성형해 냉동실에 1시간이상 굳혀줍니다./잘 굳힌 반죽은 꺼내, 설탕에 겉면을 굴려주고 적당한 두께로 썰어 팬닝해줍니다. 예열오븐 180도에서 15분정도 구워줍니다.', '80,40,160,50,110',  5),
    (30, '3','329814ba-e89f-4cad-9f1a-f2c032a52391', '사랑가득 하트 파이 쿠키', '바삭하고 고소한 하트 파이 쿠키입니다.', 'MEDIUM', 7200,'fe7ac80b-657f-44e6-b2f6-2696ecc33b04,78ee40c9-4a1e-4823-9f9e-66e5e3de7755,28466d78-997a-43be-b4a3-09a9d1359e9a,9e00f37a-1906-4f92-95ab-a983d467d9b8,67589761-3157-4478-8b1a-7cc6f4af142a,49a8549a-35be-41e9-a9f1-c54e8d566390', '박력분 200g,차가운우유 40ml,차가운물 40ml,버터 160g,슈가파우더 20g,소금 2g', '분량의 재료를 넣고 반죽해 냉장고에 휴지시키면서 3절접기를 3~4번 정도 해줍니다./바닥에 설탕을 충분히 뿌리고 밀대로 넓게 밀어줍니다./대략 1/4 조금 안되게 양끝을 각각 접습니다./한번 더 양끝을 접어줍니다. 가운데에 틈이 있도록 해야 반으로 접을수 있으니 위에 말한듯이 1/4가 덜되게 접도록 하세요./반으로 접은 다음 랩으로 싸서 풀리지 않게 고정시킨 다음냉장에 20~30분 정도 휴지시킵니다./반죽을 꺼내 다시 설탕에 굴린 다음 1cm 두께로 잘라줍니다. 구워지는 동안 많이 부풀게 되니 간격을 넓게 두고 올려준다음 180도로 예열된 오븐에 15~20분정도 구워냅니다. 굽는 중에 벌어질수 있기 때문에 굽고 약 5분정도 되면 젓가락으로 모아 모양을 잡아가며 구워줍니다. 다구워지면 식힘망에 식혀줍니다.', '120,140,180,70,100,150',  5),
    (31, '4','e6ffc057-ae15-4303-a943-87f5f3f6e2c5', '다이어트 두부쌈장', '다이어트에도 좋은 두부쌈장', 'EASY', 900,'892f4c9a-81f7-4a45-ad63-edf152ac35a2,9dac74c9-76ad-4a06-8b71-13913151f91d,dd02c081-4e1e-4400-95db-bd92940d64d1,116062b5-edee-46ec-ae3b-409916674d19,1b53eca5-bc5e-40a9-ba3b-8fab6ebda9e9', '두부 1/2모,청양고추 1개,양파 1/2개,다진마늘 0.5수저,된장 2수저,고추장 0.5수저,들기름 1수저,물 적당히', '두부는 흐르는 물에 씻어 으깨준다/청양고추,양파는 잘게 다져서 뚝배기에 으깬두부와 재료가 잠길정도로 물을 넣어준다/다진마늘0.5수저,된장2수저,고추장0.5수저를 넣은뒤 바글바글 졸여준다/어느정도 졸여지면 마지막으로 들기름 또는 참기름 1수저를 넣구 마무리하면 끝/짭잘하면서도 고소한 두부쌈장 완성', '100,140,170,30,50', 6),
    (32, '4','78b8c74a-bb80-4a40-9e15-ce5c766a4736', '새싹 비빔밥 만드는 법 - 새싹비빔밥 양념장', '새싹채소는 비타민과 무기질 등 각종 영양소 함유량이 다 자란 채소 보다 훨씬 높은 것으로 알려져 있습니다. 입맛 없을 때 간단한 새싹 비빔밥 만들어 봐요.', 'EASY', 900,'ea6fa950-2108-4f8a-9eb9-e9dbabe04005,4527c004-5396-427f-9165-c1df91cc3ca5,b202db6f-4c0e-469c-b9af-1cc8cecad906,1694eb23-c99b-4f2a-9315-dfd8e1d72da2', '새싹 200g,방울토마토 4개,나또 100g,무생채무 150g,고춧가루 2작은술,다진마늘 1/3작은술,식초 1작은술,소금 1/2작은술,고추장 3큰술,다진마늘 1/2작은술,매실청 1큰술', '새싹은 흐르는 물에 깨끗이 씻어 물기를 뺀다. 방울토마토는 2등분 한다./생나또를 준비하고 비빔밥 양념장을 섞어서 준비합니다./비빔밥에 넣을 무생채는 무를 채썰어 소금에 살짝 절여 물기를 짠뒤 고추가루, 다진마늘, 식초를 넣어 버무려 줍니다./그릇에 밥을 담고 새싹, 무생채, 방울토마토, 생나또와 양념장을 올리면 완성입니다.', '70,30,140,150', 6),
    (33, '4','257cb442-67b5-4db3-9b96-e31171bf1e20', '야채 듬뿍 월남쌈', '오리훈제를 이용해서 간편하게 만들어본 월남쌈이예요~ 야채 듬뿍 먹고 싶을때 월남쌈 만큼 좋은건 없는거 같아요.', 'EASY', 900,'0630543a-7ed5-4307-90de-be59fbd751dc,388727b0-4655-416e-8a86-f9258d13dad3,e4a8d3db-de77-4a72-8a0e-29b3dadfc320,d723bada-b54f-45a4-a39c-ed2c8953da5d', '라이스페이퍼 ,파프리카 ,양파 ,깻잎 ,오리고기 ', '파프리카, 깻잎, 양배추, 새싹채소 준비했어요./양파는 채썰어 매운맛 빼기 위해 물에 좀 담궈두었다가 찬물에 몇번 더 씻어 주었어요./오리 훈제도 구워서 준비해주었어요./부추,오이 무침도 함께 곁들이니 더욱 맛나네요.', '90,130,70,10', 6),
    (34, '4','6ac7aea4-afed-47e3-a3d9-c99c93225684', '훈제 닭가슴살 야채볶음', '갑자기 저녁에 뭔가 땡긴다는 신랑을 위해~ 냉장고에 잇는 재료 총출동! 훈제 닭가슴살 야채볶음을 만들어보았답니다.', 'EASY', 1800,'2e0331b6-ce94-40dd-b730-539284aa62ea,8b8b5c61-c35c-4743-a51b-0a1251d3da1a,847ae1f8-e9d6-4845-a321-fa9782e530da,9376556d-cd10-439d-9241-ebac38a283cb,f6ed4c31-6a69-42af-8a14-0382dfb68095,520631c2-e9ed-4574-9094-d9b384805b88,ae85ddcf-4f5b-4128-957f-c3ee50ae6962', '닭가슴살 1팩,양파 ,당근 ,버섯 ,브로콜리 ,데리야끼소스 1숟갈,다진마늘 1숟갈', '야채들을 먼저 적당한 사이즈로 썰어준뒤 닭가슴살도 해동 후, 깍둑썰기 해주엇어요./팬에 기름+다진마늘을 볶다가 닭가슴살 넣어 볶아주고~/야채도 넣어서 휘리릭 볶아주세요!/데리야끼 소스를 넣어주엇어요. 간보시고 적당히 넣어주시면 될듯합니다. 혹은 칠리소스도 괜찮아요. 넣고 살짜쿵 볶아주시면 완성!', '110,160,140,170', 6),
    (35, '4', '020ff0e6-cf5a-4fff-ae95-8f79bf0bcc63', '쫄깃하고 맛있는 두부볶음 레시피!다이어트 요리로도 좋아요', '다이어트 할때 두부를 많이 드시는데요! 두부를 고기처럼 쫄깃하게 구워내 양념으로 볶아주시면 참 맛있답니다!', 'EASY', 1800, '98368c8e-0cc5-45be-8d17-119f768e5036,95d24241-26a4-45b5-b6ab-aa633b9e4630,a32d9159-783c-414b-940e-7bfac66d01c1,9c37e4d8-f466-411b-8ed8-45417bf43f72,d1b649bf-0f6f-4102-9011-4801ba08fd95,07ab8cc0-2199-40a2-addc-443c3bdf2ba8,86b11015-3cc7-412e-9857-e71862a80957,c9e18a76-18fb-4931-9254-f99edb798b64', '부침용두부 1모,다진마늘 1T,고추장 1T,간장 1T,굴소스 1/2T,올리고당 2T,참기름 1T,깨 1T', '먼저 두부는 얇은 두께로 썰어주시구요. 키친타올로 물기를 꾹꾹 눌러 제거해 줍니다./달궈진 팬에 기름을 두르신 후 중불에서 노릇노릇 구워 줍니다.조금 바짝 구워주셔야 고기같은 쫄깃한 식감이 됩니다./두부가 다 구워지면 팬에 기름 약간 두르고 다진마늘 1T를 약불에서 살짝 볶아 줍니다./마늘이 약간 갈색빛이 나면 바로 물 3스푼을 부어 주세요/참기름과 깨를 제외한 모든 양념을 넣고 약불에서 한소금 끓여 줍니다./끓여진 양념에 구운 두부를 넣고 볶아주다가 참기름과 깨를 넣고 마무리 합니다!/고기처럼 쫄깃쫄깃 맛있는 두부볶음 완성이에요/뜨끈한 밥에 올려 먹어보니 쫄깃한 식감에 매콤달콤 양념이 어우려져 참 맛있어요! 다이어트 중에도 맛있게 즐길수 있는 반찬인듯 합니다!', '80,150,30,100,60,160,40,70', 6),
    (36, '4','0691c961-6fd2-474e-bd07-fe7f7205cd24', '다이어트하려고 하는데 자꾸 손이가요~ 닭가슴살숙주냉채!!', '닭가슴살숙주냉채! 다이어트 하시는 분들에게도 좋겠지만 손님초대상 요리로도 좋겠습니다.', 'EASY', 900,'812403a1-bc61-4603-85af-880654f1d65e,ea96980b-5acb-4e5c-b74b-0cc250f9be98,e9b9cd99-77bb-4ac5-8c46-5f696da754d5,1f30a20d-db20-46ec-9d29-30f3b54e1fb6,c8de346b-01f9-4695-9323-cf2422449d65,d45691a5-ed3f-43db-9e58-dff653c8199a', '닭가슴살 1조각,깻잎 8장,숙주 3줌,대파 1/2개,양파 소량,무순 소량,연겨자 1/2T,간장 1T,깨 1T,레몬즙 2T,올리고당 2T,통후추 소량', '아삭한 식감을 위해 삶은 숙주를 소쿠리에 받쳐 그대로 식혀줍니다./냄비에 닭가슴살이 충분히 잠길 물을 넣고 대파1/2개. 양파소량. 통후추소량(생략가능)을 넣고/깻잎은 잘게 채썰어서 찬물에 살짝 담궜다가 소쿠리에 받쳐 물기를 쭉~ 빼줍니다./겨자소스를 만들어줍니다./다 완성되었네요. 큰 접시에 숙주 담고..그 위에 깻잎 올리고 닭가슴살 올리고 무순 올리고 겨자소스 뿌리면 됩니다~~/짜잔~~ 어떠세요?? 참 맛있고 상큼해보이죠??', '120,50,40,160,80,110', 6),
    (37, '4','e43913ae-a910-4eef-8c2e-84e53f0afd18', '삼겹살 오븐구이, 담백한 통삼겹살 오븐구이 맛이 끝내줘요~', '너무나 맛있어요 ㅋㅋㅋㅋㅋㅋㅋㅋㅋ', 'EASY', 900,'8bb4c340-29c3-4eae-aeeb-a9ce23e9ed0b,56b9d819-1275-4ec1-a176-91710fd5b496,05910305-8b03-4a8c-a391-e71a9a7d3a46,1b55f6df-565a-4a81-b48e-48806033a4ab,8c5894f5-ab2c-4e36-868e-aaf504d26c8c,f6f27625-5463-4a38-8f13-cf32fe210c53,e036d508-223e-48be-941e-f0823e1aaa89,005ae14a-0b04-46c2-8f5f-05b030fb5caf,23cec82e-fa7c-4cf6-884b-c4966889f6b6,a42617ab-a36b-4221-9efc-54ccf5a5ec48', '통삼겹살 600g,후추 톡톡,굴소스 1T,진간장 4~6t,다진마늘 1T,월계수잎 1장,미작 2T', '일단 양념이 잘 배길수 있도록 양쪽면에 칼집을 내주었어요 /일단 양념이 잘 배길수 있도록 양쪽면에 칼집을 내주었어요 /위에 재료들을 넣고 마지막에 월계수잎을 넣어주세요/통에 삼겹살을 넣고 양념을 부어주세요/짧게는 2시간에서 4시간 /오븐에 넣을때 받침대라고해야하나요?/이상태에서 180도에서 30분/드디어 한시간에 걸려 구워나왔어요 /시간은 무척이나 걸렸지만 /손님상차림으로도 좋은 삼겹살오븐구이 ', '20,120,40,70,60,110,180,130,150,100', 7),
    (38, '4','30af73ce-5b93-4312-a7d1-bc99a637c7bb', '치즈오븐스파게티', '우리아이들 간단식사  치즈오븐스파게티 입니다', 'EASY', 1800,'117ca3bb-742b-448e-95d9-8495ddde09c9,2ad5e4df-0157-41bd-8e8f-c743adc51262,49b7da33-3383-44fe-8448-cd0a2827477a,8be66118-4b69-471f-aec0-2113f4cd1e64,0b266a58-9ae5-4a5a-8547-721887b88bb6,56510595-7e84-45ef-8000-cac8af355f9d,4e580a79-7dca-42e4-aa0d-eac7e30b9204,8be29b38-2f72-491d-864f-076b40ecfe77', '스파게티면 2인분,양파 ,호박 ,당근 ,버섯 ,베이컨 ,옥수수통조림 ,토마토소스 ,피자치즈 ', '각종야채와 햄을 다져서/토마토소스를 넣고 /양념이 준비가 됐어요/팔팔 끓는물에 면을넣고 /삶아진 면은 채반에 받쳐서 물기를 빼주세요/오븐에 들어갈 그릇에 /오븐에 넣고 180~200도에 15분설정했어요/완성입니다 맛있게 냠냠 먹어요', '50,110,10,140,150,180,40,20', 7),
    (39, '4','98c12b5e-3644-4641-9205-63841a02132e', '나들이엔 오븐치킨이 갑~!!', '나들이때 요거 하나면 열 김밥 부럽지않아요~:)', 'EASY', 5400,'ddf9900f-4740-472f-8ec0-2b466f74b486,f0fd2279-ad4b-4dde-971f-16cdee8541d8,ffdabace-517c-49be-9ca2-5951514e6cc4,bd9973d0-85ae-47ec-be96-13dc066721b7,e21b067a-ed23-445b-81c1-4dab4360320a', '닭 1마리,다진마늘 ,버터 ,허브솔트 ,소금 ,우유 ', '닭의 잡내를 없애기 위해 우유에 30분간 담가두어요. 큰 조각들은 작게 썰어주시고, 중간중간 칼집을 살짝 내주세요./버터 크게 2수저, 허브솔트 크게 한수저, 마늘 크게 2수저, 소금 보통 1수저, 파슬리가 있으면 파슬리 반수저까지 잘 섞어줍니다. 버터는 잘 안녹으면 전자렌지에 30초정도 돌려서 녹여주세요./우유에 담가두었던 닭을 깨끗이 씻어 체에 받쳐 물기를 빼고, 준비한 양념으로 재워주어요. 하루 전날부터 재워주시면 더욱 맛나요. 시간이 없으시면 냉장고에 1시간이라도 재워주세요./오븐 석쇠 밑에 호일을 깔아 기름 제거하기 쉽게 해주시고, 오븐 석쇠에 양념이 된 닭을 가지런히 놓아주세요./혹시 중간에 안익은 부분이 있으면 오븐에 좀더 구워주세요.', '170,20,50,110,180', 7),
    (40, '4','14219a17-4187-4d85-a365-0ade293b8481', '웨지감자 오븐구이', '어른도 아이도 좋아하는 간식거리 하나 만들어 봤어요. 포실포실 짭짜름 꼬소하니 맛있는 웨지감자 오븐구이에요.', 'EASY', 1800,'0dfe9fbb-256c-42ac-a71f-67da50533f55,31c9051f-2009-4d24-8583-1474f4308b66,6cd7065b-9b4d-48ea-9fdc-171794d6b299,a46b08a4-d67e-4fc9-ad5f-3f088a7b11ab,8ee6aa3d-053f-4515-8364-33d566c39f74,9d300b16-4a39-4cff-af9f-3045da955ef9,87c8f58b-bf3f-4df9-b50f-89cbcc25f305', '큰감자 1개,버터 조금,올리브유 1스푼,파슬리가루 1스푼,소금 조금,후추 조금', ' 감자를 8등분으로 썰어 칼집을 살짝 내어주세요./냄비에 감자가 담길 정도의 물을 넣고 소금 1티스푼을 넣어 끓는 물에 5분간 익혀주세요./버터를 적당량 전자렌지에 돌려 녹여주세요./녹인 버터와 파슬리가루 1스푼, 후추 조금, 올리브유 1스푼, 소금 한꼬집으로 양념을 만들어주세요. 취향껏 가감하세요./한번 데쳐둔 감자를 양념에 골고루 버무려 주세요. 그냥 감자 올려놓고 발라주셔도 상관은 없으세요. 후라이팬에 하시는 분들은 양념을 그대로 후라이팬에 넣어 감자를 넣어 익혀주시면 되시구요./200˚c 예열된 오븐에 20분~30분간 익혀주시면 웨지감자 오븐구이 완성이에요. 구우실때에는 한쪽 방면으로 10~15분 구워주시고 반대편으로 다시 한번 구워주시면 맛있게 잘 익어요./웨지감자완성~ 고소하면서도 짭짜름하니 그냥 막 손이가요 ~', '50,80,60,140,10,130,100', 7),
    (41, '5','7672b61c-4b98-4982-9b49-9c704f6691bd', ':: 오븐닭봉구이 :: 달콤새콤짭쪼름한 맛이 자꾸 손이가', '안주로도 간식으로도 좋은 닭봉구이입니다', 'EASY', 3600,'cd02f39b-32de-4f4c-a687-d730bd2b3744,a0242d43-32f9-4c9d-8cc7-f061e56402e5,397d5878-10be-41e7-a38c-2d28421fc5a9,66514222-deea-4bec-93c4-884ae5926bb4,0e3085f0-842a-4110-916f-3f64beb9ea35', '닭봉 1kg,견과류 ,우유 ,후추 ,청주 ,간장 3큰술,다진마늘 2큰술,청주 2큰술,식초 2큰술,케첩 2큰술,올리고당 4큰술,참기름 약간,후추가루 약간', '닭봉은 깨끗하게 씻어 물기뺀 후 칼집 한두군데 넣은 후 우유에 30분 정도 재워둡니다./우유물기를 빼 준 후 후추,청주,소금 뿌려 10분정도 밑간해 둡니다./예열오븐 230도에서 닭봉을 팬에 올리고 30분정도 구워줍니다./오븐사양에 따라 굽는 시간이 달라질 수 있으니 노릇할때까지 구워주세요/양념장을 넣고 바글바글 끓여 구운 닭봉을 넣고 양념이 고루 잘 섞이도록 졸이듯이 버무려줍니다.', '100,60,30,80,170', 7),
    (42, '5','f4ef0884-3d37-4f44-a9f3-adbefa54837b', 'No고추장, No물엿 키토 소세지 야채 볶음', '혹시 소세지 좋아하시나요? 최근에 소세지의 영양성분을 보니 생각보다 당이 많이 안들어있더라고요. 그래서 저탄고지 요리에 이용하면 좋겠다라는 생각이 들어서 소세지를 이용한 가장 흔한 요리인 야채 볶음을 키토식으로 만들어봤습니다!', 'EASY', 900,'d5e2bb97-7a03-41c0-b4c3-f32f1a660304,f0cab934-ae90-4f83-830f-2f924de273e7,c928d9a6-cbf7-4fff-9dbf-44f2250cb2ef,9cf85f35-6dfe-485f-a1c9-1522461a55d5,0024d135-51ba-4a8c-970b-2285d6dce677,5ca59c4a-c196-41b4-9413-3c3851459158', '수제소세지 7개,양송이버섯 4개,파프리카 1개,양파 1/2개,</div> 2T,고춧가루 2t,우스터소스 1t,알룰로스 1주걱,무가당케챱 2주걱,소금과후추 기호에맞게', '재료들을 먹기 좋게 다 같은 크기로 깍둑 썰어주세요./팬에 기름(아보카도유)을 두르고서 달궈주세요./팬에 열이 올라오면 중불로 줄여주고 소세지와 고춧가루를 넣고 볶아주세요. 불맛이 나게 고춧가루를 볶는다고 생각하시면 좋습니다./소세지가 벌어지기 시작하면 채소를 넣고 같이 볶아주세요./채소를 한번 엎어주고 양념들을 넣어주세요. 팬에 온도가 높으면 바로 양념이 타는 느낌이 나니까 바로바로 뒤적여주세요./소스들이 다 묻어 나오고, 채소들이 적당히 숨이 죽고, 소세지가 많이 벌어지면 끝입니다! 추가적으로 향신료나 참깨를 넣으면 더 맛있는 요리를 먹을 수 있습니다.', '150,140,70,50,90,10', 7),
    (43, '5','c4c45e67-3afc-4508-a556-d6cea4d3d987', '요즘대세 키토김밥 만들기', '요즘 대세라고 하는 키토김밥 만들어보았어요.  아래 링크로 동영상 바로 이어져요.!  위기극복 키토김밥! 위기극복하고 만든 레시피예요!  ', 'MEDIUM', 1800,'75b64e2f-5445-498c-8409-d065f40b13b9,f596378f-6632-4165-ad68-595f998decc5,2c24a5cf-1188-4003-a158-868f1d2cefea,3d0d6fbd-06a9-40f0-85c1-e7aea3e9407c', '계란 3-4개,당근 1/2개,오이 1/2개,김밥용김 1,설탕 1T,설탕 ,소금 조금', '계란은 흰자노른자 함께 풀어 지단을 만들어주세요./당근과 오이는 채썰고/계란지단(3~4장)을 돌돌말아 잘라주신 후 김위에 밥대신 올려주세툐./계란지단위에 당근 오이를 나란히 올려주신후 잘 말아주시면 끝!', '40,10,80,100', 8),
    (44, '5','37853ac9-3d59-419b-a076-157d7263fd1f', '꼬치없는 꼬치전:김밥재료와 닭가슴살로 만든 키토식 전요리(No밀가루)', '밀가루가 들어가지 않고 꼬치를 꽂지않고 부쳐낸 꼬치전', 'MEDIUM', 1200,'02642ed8-38f5-42da-9e5f-83a123ebb6b4,3059e936-ae38-4883-b6fd-032526a80395,4a304edb-22b4-4a02-ba1d-ad79dd275d14,0fb5c2e8-236e-49d8-b835-d7694b91c963,157c49e2-643f-407a-a587-33437696181e,1a36aba9-a698-44c4-9d86-a9f8e966c607', '달걀 3개,어묵 ,김밥용단무지 ,김밥용햄 ,새송이버섯 ,훈제닭가슴살 ,청고추 ,현미유 ', '재료를 꺼내 손질 후 길게 자른다./단무지는 물기를 빼주세요./달걀에 소금과 맛술을 넣어 풀어줘요./팬에 현미유를 바르고 달걀물을 2/3쯤 붓고 재료를 얹는다./재료 사이사이에 남은 달걀물을 끼얹고 잠시 두었다 뒤집는다./4등분으로 썬다.', '50,120,90,160,60,110', 8),
    (45, '5','1feb31ef-d416-48de-808a-5b610b90ce78', '밥없는 키토식 두부 유부초밥 만들기', '밥없는 키토식 유부초밥으로 맛있게 식단 관리 해보세요!!', 'EASY', 1800,'78670713-d17e-4ca7-ad6a-f4fb587517e8,77b4d29f-4ded-4eb7-a646-5b68fe8106c0,30bec3ab-b1dc-4c15-9fb8-803d6360802c,7696d3e0-5376-4527-b5e5-27b82ba02ea2,30a05318-3258-4cd3-ace8-ffaf62dc6fa8,b610f58f-d2cf-4a32-aa4e-03f00caf8844,020fd0d6-1a07-492e-8416-5e45f350d4f4,bbde0c44-a428-4192-892d-fce3b25a46ac,eec31cdd-baa0-4a58-bda4-fe235d04a12a', '유부주머니 13개,두부 1/2모,청양고추 1~2개,치자단무지 10개,식초 1T,깨 1T,설탕 0.5T', '(유부는 적당히 물기를 짜서 준비해 주세요!)/먼저 가장 중요한 것은 두부의 물기를 천에 꾹 짜서 빼주세요./으깬 두부를 기름을 두르지 않은 팬에 살짝 볶아주시면 좋아요! 물기가 많으면 실패실패!!/두부를 모두 으깨셨으면/그 다음 두부와 쫑쫑설은 재료를 함께 섞어주세요! 재료는 잘게 썰으실 수 록 좋아요!/깨도 솔솔 뿌려주신 후 단촛물을 넣어주시고 이제 유부안에 쏙 넣기만 하면 끝인데요! 단촛물 만드는 법을 알려드릴게요./보통 단촛물은 유부를 사면 저절로 딸려오긴 하지만 없을 경우/깨까지 뿌리셨으면 잘 뒤적뒤적 섞으시고 유부 안에 두부를 꾹꾹 유부가 찢어지지 않게 끔 조심히 넣어주세요!/인내심을 갖고 그릇에 예쁘게 유부를 장식해 주세용~', '10,130,150,30,50,160,140,120,70', 8),
    (46, '5','d9520d20-a4c1-41f3-9569-b327c7a1da31', '3단계로 만드는 밥 없는 키토김밥(다이어트 음식)', '이 요리는 건강하게 먹기 도전 중인 자취생이 해 먹은 요리입니다. 탄수화물을 줄이고 단백질, 지방 섭취를 늘리는 에서 유래한 키토김밥. 과연 건강에 좋을까요?', 'EASY', 1200,'c67f006c-aacf-4a39-9e0a-e640355af84b,7558cd9b-830c-43ac-8c31-277e89a28182,bad5f410-6750-4fc0-8ba5-0fdd2ed12ecf', '김 2장,계란 6개,소금 1/2스푼,식용유 6스푼,깻잎 8장,김밥용우엉 6줄,김밥용단무지 4줄,게맛살 2개,진미채 ,참기름 2스푼', '계란 6개를 풀고 소금 반 스푼을 넣은 후 식용유를 두른 프라이팬에 앞뒤로 익힌다./계란을 한 김 식힌 후 잘게 썰어 준비하고, 깻잎도 꼭지를 떼고 적당한 크기로 썬다. 나머지 재료도 준비한다./잘게 썬 계란을 김의 거친 면 위에 반 이상 덮도록 깔아주고 재료를 올려 말아준다. 겉면에 참기름 한 스푼 펴 발라주면 끝.</div><div class="step_list_txt_tip">- 김밥을 말 때 재료의 끝과 끝이 만나면 모양이 이뻐요.', '50,130,20', 8),
    (47, '5','9e285fc3-02e9-4631-a489-520ee6f9a15c', '키토김밥 밥없어도 맛있는 계란김밥', '밥 없어도 맛있는  계란김밥 입니다', 'EASY', 1200,'2ceb24d3-3ab1-491a-87cc-120f37da4054,6da22f63-bbb1-43f9-ad39-55676f9363e9,b24c6457-905c-4dc8-921e-b191943913ef,d9bfdbdc-89a9-4bf5-8388-ec51bbf3a64a,725630c3-8076-4fe9-8aed-7ba2b8471a66', '달걀 5개,당근 약간,비트 약간,오이 약간,김 1장,소금 약간,맛술 약간,식용유 약간', '달걀은 잘 풀어/한 김 식히고/당근, 비트는 채썰고/김 펼치고/당근, 오이, 비트올리고', '110,90,80,120,10', 8),
    (48, '5','37e29986-63e7-4f52-a882-8fb5c7b50a08', '탄수화물 없는 양념만들기 키토고추장(노밀가루!)', '0칼로리소스를 많이 찾는 사람들이 많다. 시중에 파는 고추장도 밀가루가 섞인 것에는 탄수화물이 있다. 건강한 재료로 간단하게 키토고추장을 만들 수 있다.', 'EASY', 600,'d7bc3469-8e7d-4504-998f-a5d7f64bfd04,6316ac9a-d224-40b9-9e0d-2e4f80f49f67,a6caf1a1-3314-4a76-8a35-9c562906f53d,99fb8f19-bc9b-4072-9f7b-e52d8d927bfe,f210817d-2767-435b-af34-5c9ed0f32c25', '소금 15g,에리스리톨 40g,물 130ml,메주가루 10g,증류식소주 3큰술,고운고춧가루 100g', '소금 150g 에리스리톨(설탕 대체재) 40g단맛이 없는 증류식 소주(대장부) 또는 화이트 와인 3큰술을 넣고 잘 섞어준다./물(생수) 130ml, 메줏가루 10g 넣어 가루가 녹을 때까지 저어준다./고운 고춧가루 100g을 넣어주면 완성이다./처음에는 묽은듯하지만 다 섞고 나면 시판 고추장처럼 되직해진다./방부제 없이, 설탕 없이, 밀가루 없이 만드는 고추장이 완성된다.', '50,80,170,130,110', 8),
    (49, '2','b0d7e10e-a01e-40e5-8455-a009bf53c23f', '초간단 가볍게 한끼 메밀샐러드', '각종 야채 위에 메밀면을 올려 맛있게 비벼서 드셔보세요  다이어트 중인 분들도 맛있게 먹을 수 있는 메밀샐러드로 가볍고 맛있는 한끼', 'EASY', 900,'7b705802-628b-4158-b2d6-91fbad1e2477,d6e49d83-0c21-4368-a8c5-f60f99082e32,e1cec1cd-525b-479c-b79b-8af60e98deaf,83d374e5-28c9-4fa8-84a2-330da3fb716d,68bb9e7b-c464-438a-bf0d-ebe2587b6a31,83e6d90d-ed89-467c-bc6e-f0e86bb395ce,c6bbb495-d05b-4b83-9010-447172c4395e', '메밀면 1인분,어린잎채소 1줌,달걀 3개,빨간파프리카 1/2개,올리브오일 3숟가락,간장 2.5숟가락,올리고당 3숟가락,다진마늘 1/2숟가락,레몬즙 1/2숟가락', '끓는 물에 메밀면을 4분간 삶는다/코팅한 팬에 달걀을 넣고 달걀지단을 부친다./파프리카는 먹기 좋은 크기로 썬다./지단을 돌돌 말아 채 썬다./메밀 면이 다 삶아지면 흐르는 물에 여러 번 헹궈 물기를 제거한다./드레싱 재료를 넣고 섞는다./접시에 채소, 메밀면, 지단, 파프리카를 얹어 소스와 곁들여 완성한다.', '150,10,120,160,90,180,140', 1),
    (50, '2','8f8e30d1-e999-4254-845f-96c9414aaa99', '[자취생] 오징어 볶음, 향과 맛이 일품! 백종원 오징어 볶음', '백종원님의 레시피중에 간혹 감탄이 나오는 레시피가 있는데 바로 오징어볶음입니다. 살짝 불향까지 나는것이 아주 일품이네요. 쉬운 레시피로 따라하기도 쉽습니다. 오늘 메뉴로 해 보세요~', 'EASY', 1200,'60b38ff3-88fd-44b1-9eb4-46e9dba8d808,c5c1c938-8aeb-4977-8a59-1fdd98eb371f,616a05db-c626-4a69-85e0-3c61f24b63bf,a9f0cd3a-dfd6-4e23-a303-134f8bd411df,094a8294-7cf8-449a-a06e-4e88914a28a3,7f8a10a5-3bb6-4129-ad5d-69c31145394c,70e8c78b-5de0-420e-a27c-54cf6457cbba,3d44aa1c-157e-41da-ae97-21badccac010', '오징어 2마리,양배추 1/4통,당근 1/2개,양파 1개,풋고추 2개,파 2뿌리,식용유 3큰술,설탕 1큰술,마늘 1큰술,고추장 1큰술,간장 5큰술,고춧가루 3큰술,물 1/2컵,참기름 1큰술,통깨 적당량', '양배추, 당근, 양파, 파(준비량의 반)는 길쭉하고 굵게, 고추도 어슷큼직하게 썹니다. 오징어도 깨끗하게 손질해서 먹기좋은 크기로 썹니다. /팬에 식용유 3큰술과 송송썬 파를 넣은 후 불을 올려 볶아요. 파기름이 충분히 나오게, 노르스름해질때까지 볶습니다./파가 노르스름하게 볶아지면 오징어를 넣고 볶다가 설탕 1큰술을 넣어 볶습니다./마늘 1큰술 고추장 1큰술을 넣어고 볶습니다. 볶는 시간은 최소로 하세요, 마늘넣고 팬들어가며 섞어주는식으로 볶고, 고추장 넣고도 마찬가지로요./간장 5큰술, 고춧가루 3큰술을 넣고 볶습니다. 너무 뻑뻑한 느낌이 들면 물 반컵을 넣고 볶습니다./이제 준비한 채소를 볶던 팬에 전부 넣습니다./잘 섞어가며 채소의 숨이 죽지않게 단시간으로 볶다가 불에서 내리기 직전 참기름을 촤악~ 둘러주고 끝!!/그릇이나 달군 팬에 먹음직스럽게 담고 통깨를 솔솔 뿌려 상에 냅니다. 완성!입니다. 맛있게 드세요~', '50,120,90,80,160,60,140,30',  1),
    (51, '2','0461bcc2-af70-47a0-b47b-7ccc86f8b586', '누구나 따라하는 시금치무침 (시금치데치는 방법 시금치나물요리 나물반찬 반찬레시피)', '봄에 먹는 제철나물반찬입니다 시금치 데치는 방법과 무침양념을 알려드립니다', 'EASY', 600,'659efcf7-5fd4-45cf-be58-319454f2cb83,83d2dd75-aeb5-4a29-b078-946963877f62,ce96cf5e-7d94-42b1-bdf9-e5f2d9f29eae,064d677b-071d-433b-b75d-b5957ebdc8c7,a378573d-265b-43a8-9bc0-46b2bbbffa7c,f332572e-2af2-40c6-9ab3-9c2e9f8de313,27a1ab5b-c858-4e4a-b2a4-792ea84e4248,917561e4-5ab6-4b97-943d-83a6cfd1715d', '시금치 300g,소금 1스푼,물 넉넉히,다진마늘 1스푼,참치액 1.5스푼,참기름 1스푼,깨소금 1스푼,소금 0.5스푼', '시금치는 뿌리를 잘라 낸 후 한잎한잎 떼어서 찬물에 흔들어 가면서 씻어 흙과 불순물을 제거 해 준다/냄비에 물을 넉넉히 붓고 소금 1스푼을 넣은 후 끓여준다/물이 끓으면 씻은 시금치를 넣고 약 40초 가량 데쳐준다/데친 시금치는 찬물에 헹구어 준다/대파는 길이로 반으로 자른 후 잘게 썰어준다/볼에 시금치를 꼭 짜서 담아준다/무침 양념을 모두 넣어준다/조물조물 양념과 시금치가 고루 섞이 도록 무쳐준다', '170,30,130,100,10,150,90,160',  1),
    (52, '2','cc51b933-bd61-462d-beb7-9566367a891a', '특별한 고추장 대신 된장소스 곁들인 감칠맛 가득 부추비빔밥', '된장소스로 고소하고 감칠맛 있는 비빔밥 참치, 부추, 계란에 특제 된장소스를 넣고 슥슥 비벼주면 간단한 한끼 완성 입맛 없고 반찬하기 싫을 때 감칠맛을 살린 부추된장비빔밥으로 한끼 뚝딱해보세요.', 'EASY', 900,'7d9513a1-5ce9-470a-b3f2-62dd75d8406d,2f278210-284e-4543-898b-d49b24f3b8f1,648aeaae-fb2b-4077-b880-d2b90668f65b,dbece386-55c3-4dc4-95e6-773399419db3,215415c6-be49-4e90-9e1a-8b6c9fe526f1,9e362cdc-7c1e-427a-90d1-d4be1c48755a', '부추 50g,참치 1캔,달걀 1개,밥 1공기,된장 1숟가락,식초 1숟가락,다진마늘 1/3숟가락,청양고추 1/3개,들기름 1숟가락,매실청 1/2숟가락', '부추는 잘게 잘라요./참치는 물기 없이 짜서 준비해요./청양고추는 잘게 다져요./분량의 재료를 섞어서 된장비빔장을 만들어요./달걀후라이를 반숙으로 구워요./그릇에 밥&gt;부추&gt;달걀&gt;참치&gt;된장비빔장 순서로 넣어 완성해요.', '50,70,60,30,120,170',  1),
    (53, '2','f6654ba5-287e-4f8d-b664-e904dd01d342', '인기만점 계란 초밥 만드는법 다이어트 초밥 단촛물 레시피', '다이어트할때 먹기 좋은 계란초밥 레시피 입니다. ', 'MEDIUM', 3600,'51283328-8dc2-40bf-a8ac-bbea0fee3911,8b034b43-4261-47f8-aaed-1f91a12e6984,48ee9b56-3d28-4a12-9125-259258bdb060,3d073f15-4485-48e4-a3a4-fbfe4dbfdbbe,f379bdc0-9bba-45d7-947c-27d8ce87b818,baea41c6-1aa4-4eb1-9913-5c5e239e59f5,ec67990b-5a1d-411e-b2cd-dc2c54e84872,45e8e1bd-c2c0-4a17-a340-d80f286ed2e0,c1c1619f-4724-48ca-85b3-925ff6817726,64873f53-ab73-467b-a3cb-0938af9991bd,bae47f7c-376e-4e24-af35-609825370d5f,ffa1b042-03e7-402d-9ca6-a8d788f3a017,bd8597dc-198e-42c9-bc43-c2d32a39e89f', '계란 6개,물 6T,알룰로스 2T,우유 5T,식초 1T,알룰로스 1T,김 1/2장', '계란 6개 준비해주세요/물 1T 넣어주세요/우유 5T 넣어주세요/알룰로스가루 2T 넣어주세요/잘 섞어주세요/체에 한번 걸러주세요/프라이팬에 기름을 둘러 계란물을 조금 올려주세요/반으로 접어 계란말이로 만들어주세요/도톰하게 만들어 졌으면 한 김 식혀주세요/2~3 cm정도 두께로 잘라 주세요/밥에 식초 1T,알룰로스가루 1T넣어 잘 섞어준 다음 길쭉한 모양으로 만들어주세요/김을 길쭉하게 잘라서 준비해 주세요./밥 위에 계란을 올린 다음 김으로 둘러 주세요', '10,130,170,20,30,50,70,90,160,150,110,100,140',  1),
    (54, '2','f4308714-b5d4-49f2-a575-e72212621b3b', '누구나 따라하는 누구나 맛있게 만들수 있는 김치볶음밥', '입맛 없을때 만들어먹으면 밥 한그릇 뚝딱인 김치볶음밥!!! ', 'EASY', 1800,'703634c0-a0ec-4e51-93da-eb9ed163759f,745a54ff-ed58-423a-b5e5-cf2215ac3b4a,af1726ec-d42d-4100-9e7b-da5dc99aa06b,9d1cfc56-44a9-4a95-b006-181bf6cdad67,2230ba69-a769-4942-99ce-bb728dd6ff2b,316a6cb4-ba76-4309-bf70-d2384de7398f,f39a919b-b33b-42c3-964d-67bd0cb6c3d1,8cb3b0ad-ad7a-49b2-aaa4-4afaee09d833', '김치 1공기,파 50g,스팸 3조각,밥 2공기,간장 2스푼,굴소스 1스푼,고춧가루 2스푼', '후라이팬에 식용류를 붓고 파를 넣어 파기름을 만든다. /파기름 향이 솔솔 올라오면 큐브모양으로 잘라놓은 스팸을 넣고 같이 볶는다. /스팸이 적당히 노른노른 구워지면 잘게 잘라놓은 김치를 넣고 같이 볶는다./이때 고춧가루 2스푼을 넣어준다./김치가 잘 볶아졌으면 한쪽으로 재료를 몰아주고 빈 공간에 간장을 2스푼 넣고 끓어오르면 재료와 함께 잘 섞어준다./식은밥 2공기를 넣고 골고루 섞어준다./밥이 재료와 잘 섞였으면 마지막으로 굴소스 1스푼 넣고 잘 섞어준다./접시에 담은 후 취향에 따라 계란 후라이나 김가루를 올려주면 끝~~', '100,20,140,80,120,50,170,90',  1),
    (55, '2','e7821fd7-c710-4386-84a5-c19e7dd675a9', '[자취생] 비엔나 만두 강정', '만두 강정을 만드려다가 집에 비엔나소세지가 있어서 같이 만들어봤어요ㅎㅎ', 'EASY', 900,'38480764-4c36-4750-865d-57ed909f20d0,8bf18a8d-0274-4f39-a441-aff0d3895932,ef86a103-dae2-4618-8f51-990865812471,32f72bd8-6060-4076-a344-ad71e5163d32,27055fc6-8521-41b2-8534-872fcbaae0bf,88f81eee-4dab-4dab-b2c2-cb141184fac0', '만두 10개,비엔나소세지작은거 1봉,물 1T,간장 1T,고추장 2T,케찹 2T,올리고당 1.5T,다진마늘 1t,참기름 약간,깨 약간', '만두는 기름을 두룬 팬에 노릇하게 구워줍니다./비엔나 소세지에 원하는 모양대로 칼집을 내고 팬에 볶아줍니다./비엔나가 어느정도 구워지면 만두를 같이 넣어줍니다./양념장을 넣고 양념이 고루 베이도록 잘 섞어줍니다./양념이 어느정도 베이면 위에 통깨를 뿌려 마무리합니다./간식이나 술안주, 밑반찬으로 먹기 좋은 비엔나만두강정 완성!', '120,10,130,100,20,30',  2),
    (56, '2','c5c7965b-c392-4b35-965b-0d79fcdfd7fe', '초간단 쫄깃한 닭다리살로 오야꼬동(일본식 닭고기 덮밥) 만들기!', '쫄깃한 닭다리살로 오야꼬동 만드는 법 어렵지 않아요~! 레시피는 2인분 기준이니 1인분 만드시는 분은 재료들의 양을 조절해서 만들어주세요:)', 'EASY', 900,'c018f2d8-cc15-468a-91fe-6af3a7baff8d,dba1f8a2-af51-419a-a30d-a7bff2e29c92,f32b345f-e827-4a54-99f2-59766fa62a75,0540ddf4-a49a-44eb-b975-df10348dc18f,7f89faa2-e7f2-4b19-86ec-74b431598917,94aec515-55f9-4f14-ac44-26e101a918d9,7b208bce-7a84-4bc1-9a90-e94200f854b7,d730534a-c456-4426-aa41-7b08980be69f,37f54c48-2b0c-4ab4-8bfb-3a4dad71b666', '닭다리살 300g,양파 1/2개,계란 2개,밥 2인분,표고버섯 2~3개,진간장 3T,설탕 1.5~2T,맛술 1T,굴소스 1T,꿀 1/2T,고춧가루 1t', '먼저 닭다리살은 흐르는 물에 깨끗이 씻은 후 한입 크기로 잘라주시고, 양파와 버섯도 얇게 채썰어서 준비해주세요!/진간장,설탕,맛술,굴소스,꿀을 모두 넣고 잘 섞어준 뒤 소스는 잠시 대기시켜주세요!/계란도 잘 풀어서 준비해주세요!/팬에 기름을 조금 두르고, 닭다리살 껍질 부분이 아래로 가게 해서 구워주세요~/닭다리살 겉면이 전체적으로 하얗게 익었다면 아까 썰어놓은 양파를 넣고 양파가 아래쪽으로 가도록 해주세요!/양파와 고기가 어느정도 익었다면 물 적당량(자작하게 깔릴 정도만)과 아까 만들어놓은 양념장을 모두 넣어주세요!/혹시 버섯도 넣으실 분은 사진처럼 양념이 좀 자작해졌을 때 넣어주시면 됩니다!/양념이 거의 졸아서 밥에 비벼먹기 딱 좋은 양이 되었다면 아까 풀어놓은 계란을 넣어주세요!/밥에 얹어서 위에 고춧가루를 취향껏 뿌려드시면 단짠단짠 오야꼬동 완성입니다:)', '20,150,30,10,180,100,110,140,70',  2),
    (57, '2','497da51d-0cba-4074-a9a9-10baf21804a7', '누구나 따라하는 #최애반찬#소세지강정', '아이들의 최애반찬! 저 또한 소세지 반찬만 있으면  밥 뚝딱이랍니다. 밥도둑 도시락 반찬이자  술안주로도 최고 최고ㅋㅋ', 'EASY', 1200,'d6730af0-49d1-467f-bcef-8a19a59c9f3d,566bd5ca-4d1a-47c1-a1cc-63fa3bb67449,83713ee7-240b-49c7-a906-1f4e41b7664d,11e2a73f-166d-4e8c-a21a-ab4ffa86a221,170e035b-0fcc-444f-8760-ff8035d2eb58,970e8072-c7df-4430-b13b-ede530a3c718,5900d50b-e798-45dc-9500-cbcfd1acef2c', '비엔나소세지 30개,양파 1개,캐첩 5큰술,간장 1스푼,설탕 1스푼,식초 1스푼,굴소스 1스푼,올리고당 1스푼', '소세지 슥슥 칼집을 넣어주세요./끓는 물에 살짝 데쳐 주세요./캐첩 5스푼, 간장 1스푼, 굴소스 1스푼, 설탕 1스푼, 식초 1스푼을 넣고 양념장을 만들어 주세요./달군팬에 양파 등을 볶아주세요./데친 소세지를 넣어주세요./양념장을 넣고 달달 볶아주세요./윤기 및 달달한 맛을 추가하기 위해 올리고당 한바퀴만 둘러주면 밥도둑 최애반찬 완성입니다.', '120,140,70,100,110,180,50',  2),
    (58, '2','f52af061-8036-45c0-ba56-bc0717f1a76d', '인기만점 액젓으로 감칠맛이 업업! 초간단 계란국 / 달걀국', '어디에나 잘 어울리는 계란국! 액젓을 넣어 감칠맛을 더 높여서 끓여보았어요:)', 'EASY', 1800,'152544f8-1e68-42a9-a8c2-720df204be30,1104bfa8-f8d0-4971-89fd-ef75b3f96b66,a1658a47-922a-487a-b69d-dfcc7d1cebe5,a319ddaf-0034-4b31-a264-ceb14ed9774e,92f304b8-83f8-405f-9aa0-92194b43b216,a002d108-6370-47a7-a3cf-57eec49942ec', '계란 3알,물 3-4컵,다진파 1T,소금 약간,액젓 1t,다시마 1장,멸치 8마리', '달걀은 소금 한꼬집 넣어 잘 풀어주세요/냄비에 물 붓고 다시마, 멸치를 넣어 센불에서 끓이다 끓어오르면 중약불로 줄여 약 10-15분 정도 더 끓여서 밑국물을 만들어 주세요./약 10-15분 후, 밑국물 재료는 건져내고 액젓 1t를 넣어주세요./그 다음 달걀물을 원을 그리듯이 부어주세요./약 30초 있다가 한번 휘이 저어주세요./불끄고 송송 썬 파 1T 넣고 부족한 간은 소금으로 하면 완성입니다.', '20,110,150,50,180,60',  2),
    (59, '3','2165df78-5782-40e1-97ff-2cceb7e870c8', '인기만점 초간단 연두부반찬 ', '초보 집밥요리, 초간단 초스피드 연두부반찬 만들기입니다.', 'EASY', 300,'7f930564-b5e3-46ab-bab0-679629568143,63027e5e-46e8-4a35-b200-48f0a2f23709,9bbdebd4-51a3-4a43-83df-b3e56364126f,f1d51ac3-9dd7-4e47-9e78-3e2222ec3ff4,999f768f-96fa-4fa2-aca0-ba92bffe355e,1a93d201-618d-49b7-9ef6-6ffe3ecc926a', '연두부 ,다진파 ,다진청양고추 ,다진마늘 ,간장 1~2스푼,고춧가루 조금,깨소금 조금,참기름 ', '마늘, 청양고추, 파는 다져 놓고/그릇에 담고/간장 1~2스푼, 고춧가루 조금, 깨소금 조금 넣고/잘 섞어준 다음 마지막으로 참기름 넣고 섞어주면 양념장 끝./연두부 위에/솔솔 부어주면 연두부 양념장 만들기 완성.', '160,70,10,20,100,120', 2),
    (60, '3','4bbc718c-c86f-4440-98f2-a1688f0043cc', '초간단 매콤 된장찌개, 채소와 두부만 넣은 초간단 초스피드 된장찌개', '고기와 곁들여 먹으면 좋은 가벼운 느낌의 된장찌개 입니다.', 'EASY', 900,'b286d0f9-0d3b-4ee3-9f7a-c4ecf1b53731,fd9196d9-0a48-4c64-9623-60ca766ffbfa,89e0f712-65ec-4f91-bb7e-6cc30ee1e859,8b95a3d5-2baf-4429-b632-4fbad8502fd5', '느타리버섯 1줌,양파 1/2개,애호박 1/4개,청양고추 2개,두부 1/4모,물 1.5종이컵,된장 2T,진간장 1T,고추가루 1.5T,다진마늘 0.5T,설탕 0.5티스푼,소금 간맞추기', '물1.5종이컵에 된장,고추가루,다진마늘,설탕,간장을 한데넣고 한소끔 끓여줍니다./그사이 양파,버섯,애호박,청양고추,두부는 적당한 크기로 썰어줍니다./한소끔 끓은 된장물에 양파,버섯,애호박,청양고추,두부를 넣어 줍니다./애호박이 익을때까지 끓여주어 간을보아 부족한간은 소금으로 해주어 완성. 저는 부족한간이 없어 소금은 넣지 않았습니다.', '120,20,130,140', 2),
    (61, '3','83b0c615-e001-4b59-8710-e02edff33a19', '특별한 봄동 된장무침', '김장김치가 조금 물릴때쯤 집에서 자주 해먹는 음식중 하나입니다. 봄동은 가격도 저렴하고 금방 무쳐놓으면 젖가락이 자주 가는 반찬이지요^^ 만드는 방법도 간단하니 금방 만들어 식탁에 올려보세요~~', 'EASY', 900,'7d142229-6c65-4dd8-9f47-4be5de5e9598,19606fea-d4c8-42f5-acaf-938f0312e1a7,9919ec13-3aac-4f64-acd2-c4866689260f,fe7e4933-744b-4bd2-b314-70077daccd6e,be23d153-f3dc-4fb0-9c22-c70d3caae997,919bef0a-d0f3-48ed-979e-e4bc8af934eb,238429ff-ec24-4b6e-8940-ece3fd9e0381', '데쳐서물기짠봄동 600g,다진파 2큰술,다진마늘 1큰술,된장 2큰술,고추장 1큰술,매실액 2큰술,참기름 1큰술,통깨 1큰술,소금 약간', '봄동은 잎이 연한것으로 고른다./잎을 떼어 끓는 물에 소금을 넣고 데친다./찬물에 여러번 헹구어 씻어 물기를 꼭 짠다./파와 마늘은 다진다./봄동은 먹기좋은 크기로 자른다./위의 양념으로 조물조물 무친다./접시에 담는다.', '10,170,160,180,40,70,150', 3),
    (62, '3','edf246f0-6201-4ee2-9a14-ec4a1d8dde4a', '초간단 우리집 최애 반찬 마늘아몬드조림 레시피', '마늘이 몸에 좋은건 아는데 자주 챙겨먹지 않게 되더라구용 . 하지만 아몬드와 함께 조림식으로 만들어 먹으니 단짠단짠한 양념맛 때문에 반찬으로 잘 먹게 되네요^^', 'EASY', 1200,'c6108c84-48d2-493c-bc2a-a1abc763621c,d71b9d85-a8ff-41fb-b3d2-4cad78eb97fd,66b00ae3-a662-4fd4-9f09-b0423e23c766,ee978b0e-837c-4ea6-aed0-9e7924687117,9ff8e059-3351-475e-896b-c8624d05bebf,b81af0b9-5e1d-40e6-9361-c853f3fddd7e', '통마늘 40알,아몬드 1줌,통깨 솔솔,식용유 약간,간장 2T,물 2T,물엿 1.5T', '먼저 깐 마늘은 물로 한번 헹구어 주시구요. 마늘이 너무 크다면 먹기좋게 반쪽으로 나눠 주세요/달궈진 팬에 식용유를 둘러 준 뒤 마늘을 넣고 튀기듯 노릇노릇 구워 줍니다. 굽다보면 마늘의 알싸한 향이 올라와 군침돌아요/마늘이 노릇노릇 구워지면 아몬드도 넣고 살짝 볶아줍니다/다 볶아지면 미리 준비해둔 양념을 부어 약불에서 타지 않게 조려주심 끝^^/정말 간단하게 만든 건강반찬 마늘아몬드 조림 완성이에요/물엿이 들어가서인지 윤기가 좌르르 흘러요.한번 먹어보니 알싸한 맛이 하나도 없고 정말 부드러우면서 맛있네요, 간장과 물엿의 양념들이 어우러져 단짠단짠한 맛이 밥과 함께 먹으면 참 맛있어요, 몸에 좋은 마늘과 아몬드의 조합이라 우리집 최애반찬으로 추천합니다^^암환자분들 항암반찬으로도 좋습니다.', '130,80,180,160,60,30', 3),
    (63, '3','d53b735c-c59b-4e27-9035-a888d679a68c', '[자취생] [비건채식] 새송이버섯 소금구이 ', '간단하게 새송이버섯 소금구이 만들어 저녁 반찬했어요.  새송이버섯, 소금, 후추, 들기름으로 만든 초간단 요리지만  들기름과 새송이버섯 어우러져 후각과 미각을 자극하네요.', 'EASY', 300,'184a5940-dc0d-4142-ba34-e662f7fe7ee0,3eaaa844-dc79-4b57-940d-982e27dfad2a,5a983546-2bb0-42d9-bf8b-44727cefa578,5b9f110f-0813-4939-a884-35371f0c4cd0', '새송이버섯 400g,소금 1ts,후추 약간', '새송이버섯을 정리하여/팬에 들기름을 붓고/새송이버섯을 펼쳐 소금과 후추를 뿌려/앞뒤로 노릇노릇하게 구워요.', '120,30,20,40', 3),
    (64, '3','dc91d129-94d2-46a3-856e-ab023e006c09', '초간단 에어프라이어로 달콤한 허니버터 고구마 만들기', '가끔 패밀리 레스토랑에서 사이드 메뉴로 허니버터고구마가 나오면 너무 맛있어서 순삭했는데요. 에어프라이어로도 패밀리레스토랑 비슷하게 허니버터고구마 만들수 있답니다.', 'EASY', 1800,'f8b9a8b8-3e1e-48c6-a495-071151e5c5a8,0920f351-692b-431f-a47a-e1ef9908ae32,9e56419d-a6a5-4967-b37b-ba82c24f0b48,d7ec7d79-d068-4f12-84d3-7a3ea79fc468,3d93c8d3-8a57-46de-b348-cb9d9e11d817,a21c19ee-6739-4da6-87d0-b58f6df0cbef', '고구마 ,버터 ,꿀 ,피자치즈 ', '먼저 고구마를 익혀줄껀데 깨끗이 씻은 고구마를 180도 15-20분 돌려주세요/다익은 고구마는 칼로 반나눠 썰어 주시는데요. 칼이 끝가지 가지 않게 위에만 살짝 썰어주신 뒤 손으로 벌려 주시면 됩니다./버터 한조각 가운데 올리고 꿀 살짝 뿌려줍니다/그 다음 그 위에 모짜렐라 치즈를 뿌리고 파슬리가루를 솔솔 뿌려주신뒤 170도에 5분 돌려 주시면 끝!!!/에어프라이어로 만든 허니버터고구마 완성되었어요^^/노릇노릇하니 정말 맛있어 보이지 않나요?한입 먹어보니', '70,100,180,110,30,170', 3),
    (65, '3','28bf2f21-5584-48a8-95e8-8d9b7b4325e8', '특별한 근사한 두부가지구이', '제가 좋아하는 두부와 가지를 이용해서 구이를 해 봤는데요. 밥반찬으로도 좋고 영양도 좋아 올여름 내내 두부 호박 가지 같은 신선 재료를 즐겨 먹었던 것 같아요.', 'EASY', 1800,'6c934640-736a-4c27-a6ea-da5fce155fff,08acd70b-20e5-4818-9f2d-d1ec4d514274,4e734966-534a-4f72-a7bd-1451d0a25cf3,92f09261-fea7-4b15-90a4-6b453a8123c7,3e9c2426-4374-4e76-9f00-e9883798984f', '가지 1개,두부 조금,기름 ,대파흰부분 ,청양고추 ,마늘 ,간장 2큰술,물 1큰술,참기름 ', '가지는 반으로 가르로 두부는 작은 깍둑썰기를 해 주세요. 대파 흰부분을 채친 후 두부 크기에 맞춰 썰고 청양고추, 마늘을 준비해 주었답니다./가지의 안쪽에 칼집을 낸 후 팬에 기름을 두르고 앞뒤로 노릇하게 구워주세요/가지를 구웠던 팬에 기름을 두르고 두부를 넣고 노릇하게 튀기듯 볶아주세요./대파 흰부분과 청양고추, 마늘, 간장, 물, 참기름을 넣고 고루 섞어주면 간장양념 만들기 끝. 물을 조금 넣어주면 양념이 짜지 않아 좋아요./가지구이를 접시에 담고 두부튀김도 가운데 수북이 올린 후 준비한 간장양념을 적당히 부어주면 완성이에요.', '70,80,40,130,20', 3),
    (66, '3','29cfa87a-4f0a-42de-88f3-e8ba20caea2b', '특별한 【2분반찬】고기와 환상궁합인 쪽파무침 만들기~', '갑작스레 손님이 온다는 소식에 준비한게 아무것도 없어서 삼겹살을 구워 먹기로 했어요~파채 썰 시간 조차도 없이 촉박할때 초스피드로 한번 만들어 보셔요~파채랑은 또다른 별미~!새콤달콤 고기와 환상궁합 이에용^~^~♥', 'EASY', 300,'b5546faa-459f-40a0-ad45-78fed875a27d,462d4c5b-596c-4ed5-b844-45492ff7adc1,50cf4c5e-62d3-44bb-9c1a-7f5b689cfbc8', '쪽파 20줄기,간장 1.5T,설탕 1.5T,식초 1.5T,고춧가루 2T,참기름 1T,통깨 1/2T', '초스피드 답게 쪽파 20줄기는 깨끗히 씻어 길쭉길쭉하게 "가위로" 썰어 주셔요~~/그다음 양념장 고춧가루2스푼,간장한스푼반,설탕한스푼반,식초한스푼반,참기름한스푼,통깨 반스푼 넣고 조물조물 무쳐 주시면 끝이에요~~/고기랑 같이 드심 정말 진심 리얼 엄지척 하실 꺼에요ㅎㅎ 친구분이 맛있다고 다드셔서 나중에 한번더 무쳤어용~초간단으로 완전 맛난 쪽파 무침 고기 구워 드실때 특히 강추입니다~!!', '100,80,160', 3),
    (67, '3','4b02099d-a5d0-4382-9f22-a1fc8aece0d4', '[자취생] 아이들 영양 간식! 밤호박크로켓', '겉은 바삭하고 속은 달콤하고 부드러운 아이들 양양 간식! 밤호박크로켓 소개합니다.', 'MEDIUM', 1800,'f4161ba5-e2b6-4174-a7b7-700236a60dc4,51e658f6-e76a-42fb-9712-725e6c29f664,7f318d3a-d4b7-44cc-a0c4-c8647f3b116b,c063f1ab-84c5-4fbb-826d-805937220ae0,4aadceea-dd15-488b-ae44-669f4a8bffdc,b538a29d-e630-46d2-80c7-e83fe52f2998,6136461d-7c26-4779-b65b-2fc9a8ea01a4,4135de45-e9e0-4f38-bc4a-b9c0c0bde23e', '밤호박 1개,달걀 2개,양파 1/4개,당근 약간,슬라이스치즈 1장,햄 약간,올리고당 1큰술,소금 약간,밀가루 적당량,빵가루 적당량,식용유 적당량', '1. 밤호박은 흐르는 물에 씻은 후 반으로 썰어줍니다./2. 밤호박은 씨를 제거하고 김이 오른 찜통에 쪄서 껍질을 제거하고 으깨어줍니다. 밤호박을 으깰 때에는 포크를 이용하면 좋아요./3. 양파와 당근은 껍질을 벗겨 씻은 후 잘게 썰어주고 햄은 끓는 물에 튀겨서 잘게 썰고 슬라이스치즈도 잘게 썰어줍니다./4. 으깬 밤호박에 양파, 당근, 슬라이스치즈, 햄, 올리고당, 소금을 넣고 고루 버무린 후 동글납작한 모양으로 만들어 줍니다. 밤호박 크로켓에 양파와 당근 외에도 아이들이 싫어하는 채소를 넣어 주어도 좋겠지요./5. 밀가루, 달걀물, 빵가루 순으로 튀김옷을 입혀줍니다. 모양이 흐트러지지 않도록 조심하고 모양은 원하는 모양으로 만들어 주면 됩니다./6. 달군 프라이팬에 식용유를 붓고 170도씨 온도에서 5를 넣어 노릇노릇하게 튀겨서 접시에 키친타월을 깔고 건져내어 기름기를 제거해 줍니다./7. 밤호박크로켓을 그릇에 담아냅니다.', '80,170,40,30,110,150,10', 4),
    (68, '3','67a7ab3a-a4f5-4719-9502-bff514789fa1', '누구나 따라하는 초간단 딸기롤 샌드위치 만들기', '봄 소풍 도시락용으로도 참 좋은 아이템 딸기롤 샌드위치 입니다.', 'EASY', 900,'0a8b48ca-10a4-408c-91ce-34f6106f00ff,30ba7833-c87c-4e8d-bedd-727c72268365,f9f72baf-53ea-4f8a-84e4-fafcdff443a6,8c0ce50c-9d18-4e16-9231-3d1594d05e37,1c1dd53b-71aa-461c-8668-4d82266eecb8,0f9a5bc4-cc97-4144-a81e-ce93add97b61,3c9917a3-97c5-44b7-afa4-8dba5c3fbfba,d20a0b5f-d827-4d68-9254-8671dae1b4eb', '식빵 3장,딸기 12개,마요네즈 조금,설탕 조금', '먼저 딸기는 깨끗이 씻어서 앞뒤로 다듬어주시고, 식빵 가장자리를 잘라준 다음, 밀대로 밀어주세요./식빵 위에 먼저 마요네즈 얇게 펴바른 뒤, 설탕을 솔솔 뿌려주시고, 그 위에 일정 두께로 다듬어놓은 딸기를 식빵 끝부분에 줄줄이 얹어주세요./딸기를 잘 감싸면서 돌돌 말아준 다음, 랩으로 한번 더 돌돌 말아주세요./랩으로 식빵 끝까지 잘 감싸준 다음 10분 정도 고정 시켜준 뒤, 잘 드는 칼로 잘라주시면 끝!', '110,60,30,10', 4),
    (69, '4','3ea0d73e-07ba-4dbc-b28f-f09109259a88', '[자취생] 간단한 또띠아 콘피자', '아이와 함께 만들 수 있는 간단한 또띠아 콘피자예요~ 평소 안먹던 양파도 아주 잘 먹네요~', 'EASY', 900,'3b936ac2-dd16-48ad-9a8a-694e6a8cd5fa,1b4af668-9c31-4998-ad5a-844a97733b93,21f16ae4-eee3-4ed6-b2fa-9746ad7140bc,695c36a7-4205-44c8-838c-df9ac149a9fe,57580325-a9cf-42a8-8e15-9006c836a0c1,0206104a-15b3-4c80-a149-f81ba3d8fd1c', '또띠아 ,통조림옥수수 ,양파 ,마요네즈 ,피자치즈 ', '옥수수통조림은 국물빼서 준비하시고 양파는 채썰어 준비합니다./또띠아는 기름두르지않은 후라이팬에서 한번 구워서 준비합니다. 그럼 더 바삭한 또띠아피자빵이 됩니다./구운 또띠아에 마요네즈 살짝 발라주고... 먹다 생각하건데....꿀을 함께 발라주어도 맛있을거 같아요~^^/마요네즈 바른 또띠아위에 채썰은 양파를 올려주세요./그 위에 옥수수통조림을 듬뿍 올려줍니다~ 그리고 그 위에 피자치즈 올려서... 180도 예열한 오븐에서 10분간 구워줍니다./짜잔~~ 노릇노릇한 콘피자가 완성~', '130,20,110,10,30,120', 4),
    (70, '4','a7d76014-bdfb-4fcc-9dfc-54f649b24027', '초간단 홈메이드 인절미빙수', '크루통을 넣어 만든 홈메이드 인절미 빙수입니다.', 'EASY', 1800,'d9707b17-04b1-4fb3-aa84-13d4034577e7,b8282c88-11c4-4638-98fc-c46e453da207,864a6437-34bc-4091-873f-aaadeba6ffa8,f4c0a0f9-ef73-450e-95c5-5d0c3c20a30c,f95d1cd0-f423-4c92-ab3c-6484460587c2', '찹쌀가루 60g,우유 5큰술,우유얼음 ,콩가루 ,슬라이스아몬드 ,식빵 1장,설탕 1큰술,연유 ,버터 1큰술', '찹쌀가루를 전자렌지 용기에 넣고 황설탕, 우유를 넣어 섞어준다. /완성된 떡을 적당한 크기로 썰고 콩가루에 묻혀 인절미를 만든다./식빵을 큐브모양으로 썰어준 다음 팬에 버터를 녹이고 식빵을 약한 불에 수분이 날아갈때 까지 볶는다./우유 얼음을 빙수기에 갈아 그릇에 반정도 넣는다. 그 다음 인절미와 연유를 넣어 주고 다시 우유얼음을 갈아 올려준다./그 위에 인절미와 콩가루를 올려주고 아몬드 슬라이스와 크루통을 올려준다. 연유를 취향껏 뿌려준다.', '50,110,40,120,130', 4),
    (71, '4', '4420c88c-695f-441e-a53d-d4cfbb77d052', '병아리콩 스낵', '[강추] 다이어트하는 분에게도 좋고 아이들 간식으로도 좋은 병아리콩스낵 소개합니다.', 'EASY', 900, 'd74422ef-dc22-462d-9f65-1d8cc3fa40a8,7dd2fb3e-0c1b-4e73-9745-0d4da343a8ae,88b846ed-6be8-4731-9c99-883d5a93b83a,79a8023b-de39-4774-8507-b002c8ebfbbb,7d4207a0-efc6-479e-a051-cc30667d0a6d,23b6e62e-2757-4162-8bb2-0c8bbf15e214,04dcaeb1-4ad4-4bba-8265-c72aa1691503', '병아리콩 2컵,오일 1스푼,설탕 1.5스푼,올리고당 1스푼', '병아리콩은 씻어서 4시간 이상 불려줍니다./불려진 병아리콩은 밥에 넣어 밥을 해도 됩니다./잘 불려진 콩은 물기를 빼줍니다./오븐팬에 넓게 펼쳐 180도에서 15분 가량 구워줍니다./중간에 뒷면도 익을수 있게 팬을 흔들어서 15분 더 구워줍니다./오븐이 없는 분은 후라이팬에서 볶아주심 됩니다./구운 콩은 그대로 먹어도 되지만 오일, 올리고당, 설탕을 넣고 잘 섞어 병아리콩에 버무려 오븐에 10분 정도 더 구워줘도 좋습니다. (양념에 버무리는 병아리콩스낵은 처음에 20분만 굽고 양념발라 10분 더 구워줍니다.)', '20,170,110,10,160,80,90', 4),
    (72, '4','07d6ffbe-0e85-4bf1-adf0-64c4c524d85b', '인기만점 롯데리아 보다 더 맛있는 엄마표 새우버거', '영양만점 엄마표 새우버거! 패티가 엄청 두꺼워서 더 맛있어요!!', 'EASY', 900,'6bcc116f-aec2-4737-a3ff-dd6192192165,31dd5e67-431e-4b74-a8f9-96c8cd513ec8,e9b0158f-b5f1-4383-8408-18711728caae,43469375-07d6-4d5d-95dd-22727ff1475d,2748a34d-aa79-4d4d-adb7-0fa695d28fb0,4811ec7a-1303-4e19-9ec0-dce3515678a0', '칵테일새우 250g,계란 1개,미니파프리카(노란색) 1개,밀가루 ,빵가루 ,모닝빵 5개,양상추 ,토마토 1개,치커리 조금,다진양파 1큰술,다진당근 1큰술,마요네즈 2큰술,마요네즈 4큰술,케찹 1작은술,레몬즙 1작은술,다진피클 1작은술,흰후추 조금,양파 ,파프리카 ,당근 ', '새우버거 소스로는 타르타르 소스에 케찹을 조금 섞어 사우전 아일랜드 소스 비슷하게 만들었어요... /저는 마침 튀김하고 남은 기름이 있기에 이번에는 롯데리아 처럼 튀겨냈어요.. 칼로리 걱정이 있긴 하지만.. 튀기는 것이 맛있기는 하죠..^^ 자주만 아니라면 가끔은 튀김도 이렇게 추운날에는 한번씩 먹을만 한것 같아요.. 튀기지 않으실 거라면 오븐이나 후라이팬(중불)으로도 담백하게 구워낼수 있어요!.../햄버거 속재료로 양상추와 토마토를 사러 마트에 갔는데 양상추가 다 떨어졌다네요...ㅠㅠ. 그래서 로메인 상추와 치커리를 조금 사봤는데 햄버거 만들어 놓고 나니.. 색감이 양상추보다 더 이쁜듯 하네요../모닝빵을 사다가 햄버거를 만들었어요. 모닝빵은 반으로 가른후 밑면에 마요네즈를 살짝 발라주세요~../마요네즈를 바른 빵 위로 로메인 상추을 깔고 새우패티를 올려줍니다./준비한 재료 사이사이에 마요네즈를 살짝 발라주면 재료가 서로 잘 밀리지 않아 좋은것 같아요. 마지막으로 미리 만들어둔 소스를 올려준후 모닝빵 윗면을 올려주시면 되요!...', '130,20,50,80,40,10', 4),
    (73, '4','d648dc0a-6712-4988-865c-baa732ab9cb7', '초간단 채식베이킹 시금치롤', '시금치를 갈아 넣어 아침식사 대용 빵으로 좋은 시금치롤빵입니다.', 'MEDIUM', 900,'6587df6f-674d-4535-95dc-e4acc45d2723,e105e3b3-17cc-4e16-b931-3098e56d94b7,dbf43e3d-a4a2-4724-b73c-b857eea0bddd,2c69daee-b233-42cf-a087-4eecd8efd3f1,f897ed37-0336-44c3-8d08-fa58c364a898,6d303f19-68f1-44d6-a38b-1c7bd95ab880', '강력분 300g,설탕 30g,소금 6g,버터 45g,달걀 24g,인스턴트드라이이스트 7g,데친시금치 100g,물 50g', '시금치는 끓는물에 30초 정도 데쳐 물기를 꼬옥 짜주세요. 데친시금치 100g과 물 60g을 넣어 갈아주세요./강력분, 소금, 설탕, 인스턴드라이이스트, 달걀을 넣고 갈아준 시금치를 넣어 반죽이 한덩이가 될 때까지 반죽해 주세요. 버터를 넣어 반죽이 매끄러워질 때까지 반죽해 주세요./1차 발효 50분 정도 반죽의 2배 2,5배가 될 때까지 발효해 주세요./가스를 뺀 반죽을 40g씩 분할해서 둥글리기 한후 중간발효 15분 해주세요. 손바닥을 이용해서 올챙이 모양으로 만들어 주세요./밀대로 윗부분을 밀어주신 후에 아래부분을 손으로 잡고 밀대로 밀어 삼각형 모양을 만들어 주세요. 위쪽부터 돌돌 말아주시면 완성입니다./오븐팬에 버터롤을 넣고 2차발효 30~40분 발효해 주세요. 반죽의 2배가 될 때까지 발효해 주세요.', '120,90,10,130,110,50', 5),
    (74, '4','deca8cf2-e478-4282-9279-0b9f0cc1eccf', '초간단 또띠아마늘칩 -10분이면 가능 또띠아칩 #간단간식', '간단하게 누구나 만들수있는 바삭한또띠아칩 마늘과 버터를 넣어 더욱 맛있어요', 'EASY', 600,'2e2c47fd-73d0-4a12-8f63-0a09671b5a5e,baaa1158-98c3-48aa-a48c-84edc5fefbb1,a85ac031-161d-44bd-949a-d65791c857a2,eaf3ca47-44f8-4b95-af17-df6eaf0e6338', '또띠아 2~3장,버터 1스푼,다진마늘 0.5스푼,파슬리가루 0.5스푼,꿀 1스푼', '그릇에 버터1,다진마늘0.5,파슬린가루0.5,꿀1 또는 시럽/또띠아 위에  마늘소스를 고루 펴주고/가위를 이용해 적당한 크기로 잘라 줍니다./또띠아마늘칩 완성', '60,50,100,30', 5),
    (75, '4','bc4ca18c-f442-4ab7-bfe5-e6e3a27e3fd9', '인기만점 아몬드샤브레', '아몬드가루를 넣어 만들어서 그런가 기존의 샤브레쿠키보다 부드럽고 폭신한 식감이에요. 만들기두 간단하고 샤브레쿠키는 끝도 없는거같네요. 아몬드슬라이스를 한개씩 올려서 구웠더니 더 고급져 보인달까요. 선물용으로도 괜찮고 간식용으로도 딱이네요.', 'EASY', 900,'afdf65d2-a10d-4e15-9898-7c2d68bb36fa,1153d003-9eaf-48b4-bb90-1410152cd654,a7f17d9d-365e-4dc2-af69-79c85bdfe40e,4d8c2ece-51eb-4b70-b212-8c5d8231139c,8307bcf9-9aee-47f7-86b3-f21ecf770504,1930d365-f6cd-4f0e-80bf-1d3651475f95,7eb47017-0c51-4a94-bd69-8b976d5dbbac,297fbf31-2a2c-4d1f-ad17-2ff4508cf16c,e8b6aad4-20a5-4083-b426-d2946598fb1f', '버터 70g,설탕 50g,노른자 1개,박력분 100g,아몬드가루(3T) 30g,</div> 조금', ' 버터를 푼다./ 설탕을 넣고 섞는다./계란은 노른자만 넣고 섞는다./박력분과 아몬드가루를 체쳐넣고 섞은 후/박력분과 아몬드가루를 체쳐넣고 섞은 후 모양을 잡아 2시간냉동한다./설탕을 묻혀/일정하게 잘라주세요. 설탕을 묻히고 자르든 자르고나서 묻히든. 저는 묻히고 잘랐다가 굽기전에 한번 더 묻혀줬어요. 자르고 나면 설탕 다떨어짐./오븐(180℃)에서 13~15분간 굽기. 아몬드 슬라이스를 하나씩 올려줬어요. 반으로 짤라서 꽃모양으로 올려도 이쁠듯./폭신폭신하며 부드러운 식감. 아몬드 샤브레 완성이에요. 기존의 샤브레보다 아몬드슬라이스 하나 올린것뿐인데 뭔가 멋스러운게 꼭 선물하고 싶은 쿠키네요.', '90,120,50,110,150,60,160,170,70', 5),
    (76, '4','4d42d83c-616a-43ac-abab-ab9e7b1bae93', '초간단 고구마쿠키/ 고구마가 들어간 고구마쿠키', '하이', 'EASY', 900, '', '버터 60g,설탕 40g,노른자 1개,박력분 100g,삶은고구마 60g', '', '',  5),
    (77, '4','0c37cf01-87a2-4bce-954b-6002c6fd29bf', '초간단 코코넛샤브레', '맛이 보장된 쿠키', 'EASY', 7200,'ea54f3b4-3585-4daf-8eee-b605aa7fd8f7,86b982a1-d3dd-43c3-b746-6df417545e03,6519eb5f-373b-4d9c-a9b6-b62971946ad9,87cb3196-fb1b-46da-aa47-3a1de3b8e6d7,5cec2f04-88bd-4e56-9e43-6ee942ff8568', '버터 80,설탕 30,슈가파우더 20,노른자 1개,박력분 120,코코넛가루 80', '실온상태의 버터를 부드럽게 풀어준 후 설탕과 슈가파우더 넣고 휘핑해줍니다./노른자도 넣고 휘핑해주셔요./박력분과 코코넛가루를 체쳐 넣고 11자로 주걱을 세워 섞어준후 뭉쳐줍니다,./반죽을 긴 원통형으로 모양잡아 유산지나 종이호일로 잘 성형해 냉동실에 1시간이상 굳혀줍니다./잘 굳힌 반죽은 꺼내, 설탕에 겉면을 굴려주고 적당한 두께로 썰어 팬닝해줍니다. 예열오븐 180도에서 15분정도 구워줍니다.', '80,40,160,50,110',  5),
    (78, '4','329814ba-e89f-4cad-9f1a-f2c032a52391', '특별한 사랑가득 하트 파이 쿠키', '바삭하고 고소한 하트 파이 쿠키입니다.', 'MEDIUM', 7200,'fe7ac80b-657f-44e6-b2f6-2696ecc33b04,78ee40c9-4a1e-4823-9f9e-66e5e3de7755,28466d78-997a-43be-b4a3-09a9d1359e9a,9e00f37a-1906-4f92-95ab-a983d467d9b8,67589761-3157-4478-8b1a-7cc6f4af142a,49a8549a-35be-41e9-a9f1-c54e8d566390', '박력분 200g,차가운우유 40ml,차가운물 40ml,버터 160g,슈가파우더 20g,소금 2g', '분량의 재료를 넣고 반죽해 냉장고에 휴지시키면서 3절접기를 3~4번 정도 해줍니다./바닥에 설탕을 충분히 뿌리고 밀대로 넓게 밀어줍니다./대략 1/4 조금 안되게 양끝을 각각 접습니다./한번 더 양끝을 접어줍니다. 가운데에 틈이 있도록 해야 반으로 접을수 있으니 위에 말한듯이 1/4가 덜되게 접도록 하세요./반으로 접은 다음 랩으로 싸서 풀리지 않게 고정시킨 다음냉장에 20~30분 정도 휴지시킵니다./반죽을 꺼내 다시 설탕에 굴린 다음 1cm 두께로 잘라줍니다. 구워지는 동안 많이 부풀게 되니 간격을 넓게 두고 올려준다음 180도로 예열된 오븐에 15~20분정도 구워냅니다. 굽는 중에 벌어질수 있기 때문에 굽고 약 5분정도 되면 젓가락으로 모아 모양을 잡아가며 구워줍니다. 다구워지면 식힘망에 식혀줍니다.', '120,140,180,70,100,150',  5),
    (79, '5','e6ffc057-ae15-4303-a943-87f5f3f6e2c5', '초간단 다이어트 두부쌈장', '다이어트에도 좋은 두부쌈장', 'EASY', 900,'892f4c9a-81f7-4a45-ad63-edf152ac35a2,9dac74c9-76ad-4a06-8b71-13913151f91d,dd02c081-4e1e-4400-95db-bd92940d64d1,116062b5-edee-46ec-ae3b-409916674d19,1b53eca5-bc5e-40a9-ba3b-8fab6ebda9e9', '두부 1/2모,청양고추 1개,양파 1/2개,다진마늘 0.5수저,된장 2수저,고추장 0.5수저,들기름 1수저,물 적당히', '두부는 흐르는 물에 씻어 으깨준다/청양고추,양파는 잘게 다져서 뚝배기에 으깬두부와 재료가 잠길정도로 물을 넣어준다/다진마늘0.5수저,된장2수저,고추장0.5수저를 넣은뒤 바글바글 졸여준다/어느정도 졸여지면 마지막으로 들기름 또는 참기름 1수저를 넣구 마무리하면 끝/짭잘하면서도 고소한 두부쌈장 완성', '100,140,170,30,50', 6),
    (80, '5','78b8c74a-bb80-4a40-9e15-ce5c766a4736', '[자취생] 새싹 비빔밥 만드는 법 - 새싹비빔밥 양념장', '새싹채소는 비타민과 무기질 등 각종 영양소 함유량이 다 자란 채소 보다 훨씬 높은 것으로 알려져 있습니다. 입맛 없을 때 간단한 새싹 비빔밥 만들어 봐요.', 'EASY', 900,'ea6fa950-2108-4f8a-9eb9-e9dbabe04005,4527c004-5396-427f-9165-c1df91cc3ca5,b202db6f-4c0e-469c-b9af-1cc8cecad906,1694eb23-c99b-4f2a-9315-dfd8e1d72da2', '새싹 200g,방울토마토 4개,나또 100g,무생채무 150g,고춧가루 2작은술,다진마늘 1/3작은술,식초 1작은술,소금 1/2작은술,고추장 3큰술,다진마늘 1/2작은술,매실청 1큰술', '새싹은 흐르는 물에 깨끗이 씻어 물기를 뺀다. 방울토마토는 2등분 한다./생나또를 준비하고 비빔밥 양념장을 섞어서 준비합니다./비빔밥에 넣을 무생채는 무를 채썰어 소금에 살짝 절여 물기를 짠뒤 고추가루, 다진마늘, 식초를 넣어 버무려 줍니다./그릇에 밥을 담고 새싹, 무생채, 방울토마토, 생나또와 양념장을 올리면 완성입니다.', '70,30,140,150', 6),
    (81, '5','257cb442-67b5-4db3-9b96-e31171bf1e20', '초간단 야채 듬뿍 월남쌈', '오리훈제를 이용해서 간편하게 만들어본 월남쌈이예요~ 야채 듬뿍 먹고 싶을때 월남쌈 만큼 좋은건 없는거 같아요.', 'EASY', 900,'0630543a-7ed5-4307-90de-be59fbd751dc,388727b0-4655-416e-8a86-f9258d13dad3,e4a8d3db-de77-4a72-8a0e-29b3dadfc320,d723bada-b54f-45a4-a39c-ed2c8953da5d', '라이스페이퍼 ,파프리카 ,양파 ,깻잎 ,오리고기 ', '파프리카, 깻잎, 양배추, 새싹채소 준비했어요./양파는 채썰어 매운맛 빼기 위해 물에 좀 담궈두었다가 찬물에 몇번 더 씻어 주었어요./오리 훈제도 구워서 준비해주었어요./부추,오이 무침도 함께 곁들이니 더욱 맛나네요.', '90,130,70,10', 6),
    (82, '5','6ac7aea4-afed-47e3-a3d9-c99c93225684', '초간단 훈제 닭가슴살 야채볶음', '갑자기 저녁에 뭔가 땡긴다는 신랑을 위해~ 냉장고에 잇는 재료 총출동! 훈제 닭가슴살 야채볶음을 만들어보았답니다.', 'EASY', 1800,'2e0331b6-ce94-40dd-b730-539284aa62ea,8b8b5c61-c35c-4743-a51b-0a1251d3da1a,847ae1f8-e9d6-4845-a321-fa9782e530da,9376556d-cd10-439d-9241-ebac38a283cb,f6ed4c31-6a69-42af-8a14-0382dfb68095,520631c2-e9ed-4574-9094-d9b384805b88,ae85ddcf-4f5b-4128-957f-c3ee50ae6962', '닭가슴살 1팩,양파 ,당근 ,버섯 ,브로콜리 ,데리야끼소스 1숟갈,다진마늘 1숟갈', '야채들을 먼저 적당한 사이즈로 썰어준뒤 닭가슴살도 해동 후, 깍둑썰기 해주엇어요./팬에 기름+다진마늘을 볶다가 닭가슴살 넣어 볶아주고~/야채도 넣어서 휘리릭 볶아주세요!/데리야끼 소스를 넣어주엇어요. 간보시고 적당히 넣어주시면 될듯합니다. 혹은 칠리소스도 괜찮아요. 넣고 살짜쿵 볶아주시면 완성!', '110,160,140,170', 6),
    (83, '5', '020ff0e6-cf5a-4fff-ae95-8f79bf0bcc63', '[자치생] 쫄깃하고 맛있는 두부볶음 레시피!다이어트 요리로도 좋아요', '다이어트 할때 두부를 많이 드시는데요! 두부를 고기처럼 쫄깃하게 구워내 양념으로 볶아주시면 참 맛있답니다!', 'EASY', 1800, '98368c8e-0cc5-45be-8d17-119f768e5036,95d24241-26a4-45b5-b6ab-aa633b9e4630,a32d9159-783c-414b-940e-7bfac66d01c1,9c37e4d8-f466-411b-8ed8-45417bf43f72,d1b649bf-0f6f-4102-9011-4801ba08fd95,07ab8cc0-2199-40a2-addc-443c3bdf2ba8,86b11015-3cc7-412e-9857-e71862a80957,c9e18a76-18fb-4931-9254-f99edb798b64', '부침용두부 1모,다진마늘 1T,고추장 1T,간장 1T,굴소스 1/2T,올리고당 2T,참기름 1T,깨 1T', '먼저 두부는 얇은 두께로 썰어주시구요. 키친타올로 물기를 꾹꾹 눌러 제거해 줍니다./달궈진 팬에 기름을 두르신 후 중불에서 노릇노릇 구워 줍니다.조금 바짝 구워주셔야 고기같은 쫄깃한 식감이 됩니다./두부가 다 구워지면 팬에 기름 약간 두르고 다진마늘 1T를 약불에서 살짝 볶아 줍니다./마늘이 약간 갈색빛이 나면 바로 물 3스푼을 부어 주세요/참기름과 깨를 제외한 모든 양념을 넣고 약불에서 한소금 끓여 줍니다./끓여진 양념에 구운 두부를 넣고 볶아주다가 참기름과 깨를 넣고 마무리 합니다!/고기처럼 쫄깃쫄깃 맛있는 두부볶음 완성이에요/뜨끈한 밥에 올려 먹어보니 쫄깃한 식감에 매콤달콤 양념이 어우려져 참 맛있어요! 다이어트 중에도 맛있게 즐길수 있는 반찬인듯 합니다!', '80,150,30,100,60,160,40,70', 6),
    (84, '5','0691c961-6fd2-474e-bd07-fe7f7205cd24', '누구나 따라하는 다이어트하려고 하는데 자꾸 손이가요~ 닭가슴살숙주냉채!!', '닭가슴살숙주냉채! 다이어트 하시는 분들에게도 좋겠지만 손님초대상 요리로도 좋겠습니다.', 'EASY', 900,'812403a1-bc61-4603-85af-880654f1d65e,ea96980b-5acb-4e5c-b74b-0cc250f9be98,e9b9cd99-77bb-4ac5-8c46-5f696da754d5,1f30a20d-db20-46ec-9d29-30f3b54e1fb6,c8de346b-01f9-4695-9323-cf2422449d65,d45691a5-ed3f-43db-9e58-dff653c8199a', '닭가슴살 1조각,깻잎 8장,숙주 3줌,대파 1/2개,양파 소량,무순 소량,연겨자 1/2T,간장 1T,깨 1T,레몬즙 2T,올리고당 2T,통후추 소량', '아삭한 식감을 위해 삶은 숙주를 소쿠리에 받쳐 그대로 식혀줍니다./냄비에 닭가슴살이 충분히 잠길 물을 넣고 대파1/2개. 양파소량. 통후추소량(생략가능)을 넣고/깻잎은 잘게 채썰어서 찬물에 살짝 담궜다가 소쿠리에 받쳐 물기를 쭉~ 빼줍니다./겨자소스를 만들어줍니다./다 완성되었네요. 큰 접시에 숙주 담고..그 위에 깻잎 올리고 닭가슴살 올리고 무순 올리고 겨자소스 뿌리면 됩니다~~/짜잔~~ 어떠세요?? 참 맛있고 상큼해보이죠??', '120,50,40,160,80,110', 6),
    (85, '5','e43913ae-a910-4eef-8c2e-84e53f0afd18', '특별한 삼겹살 오븐구이, 담백한 통삼겹살 오븐구이 맛이 끝내줘요~', '너무나 맛있어요 ㅋㅋㅋㅋㅋㅋㅋㅋㅋ', 'EASY', 900,'8bb4c340-29c3-4eae-aeeb-a9ce23e9ed0b,56b9d819-1275-4ec1-a176-91710fd5b496,05910305-8b03-4a8c-a391-e71a9a7d3a46,1b55f6df-565a-4a81-b48e-48806033a4ab,8c5894f5-ab2c-4e36-868e-aaf504d26c8c,f6f27625-5463-4a38-8f13-cf32fe210c53,e036d508-223e-48be-941e-f0823e1aaa89,005ae14a-0b04-46c2-8f5f-05b030fb5caf,23cec82e-fa7c-4cf6-884b-c4966889f6b6,a42617ab-a36b-4221-9efc-54ccf5a5ec48', '통삼겹살 600g,후추 톡톡,굴소스 1T,진간장 4~6t,다진마늘 1T,월계수잎 1장,미작 2T', '일단 양념이 잘 배길수 있도록 양쪽면에 칼집을 내주었어요 /일단 양념이 잘 배길수 있도록 양쪽면에 칼집을 내주었어요 /위에 재료들을 넣고 마지막에 월계수잎을 넣어주세요/통에 삼겹살을 넣고 양념을 부어주세요/짧게는 2시간에서 4시간 /오븐에 넣을때 받침대라고해야하나요?/이상태에서 180도에서 30분/드디어 한시간에 걸려 구워나왔어요 /시간은 무척이나 걸렸지만 /손님상차림으로도 좋은 삼겹살오븐구이 ', '20,120,40,70,60,110,180,130,150,100', 7),
    (86, '5','30af73ce-5b93-4312-a7d1-bc99a637c7bb', '누구나 따라하는 치즈오븐스파게티', '우리아이들 간단식사  치즈오븐스파게티 입니다', 'EASY', 1800,'117ca3bb-742b-448e-95d9-8495ddde09c9,2ad5e4df-0157-41bd-8e8f-c743adc51262,49b7da33-3383-44fe-8448-cd0a2827477a,8be66118-4b69-471f-aec0-2113f4cd1e64,0b266a58-9ae5-4a5a-8547-721887b88bb6,56510595-7e84-45ef-8000-cac8af355f9d,4e580a79-7dca-42e4-aa0d-eac7e30b9204,8be29b38-2f72-491d-864f-076b40ecfe77', '스파게티면 2인분,양파 ,호박 ,당근 ,버섯 ,베이컨 ,옥수수통조림 ,토마토소스 ,피자치즈 ', '각종야채와 햄을 다져서/토마토소스를 넣고 /양념이 준비가 됐어요/팔팔 끓는물에 면을넣고 /삶아진 면은 채반에 받쳐서 물기를 빼주세요/오븐에 들어갈 그릇에 /오븐에 넣고 180~200도에 15분설정했어요/완성입니다 맛있게 냠냠 먹어요', '50,110,10,140,150,180,40,20', 7),
    (87, '5','98c12b5e-3644-4641-9205-63841a02132e', '특별한 나들이엔 오븐치킨이 갑~!!', '나들이때 요거 하나면 열 김밥 부럽지않아요~:)', 'EASY', 5400,'ddf9900f-4740-472f-8ec0-2b466f74b486,f0fd2279-ad4b-4dde-971f-16cdee8541d8,ffdabace-517c-49be-9ca2-5951514e6cc4,bd9973d0-85ae-47ec-be96-13dc066721b7,e21b067a-ed23-445b-81c1-4dab4360320a', '닭 1마리,다진마늘 ,버터 ,허브솔트 ,소금 ,우유 ', '닭의 잡내를 없애기 위해 우유에 30분간 담가두어요. 큰 조각들은 작게 썰어주시고, 중간중간 칼집을 살짝 내주세요./버터 크게 2수저, 허브솔트 크게 한수저, 마늘 크게 2수저, 소금 보통 1수저, 파슬리가 있으면 파슬리 반수저까지 잘 섞어줍니다. 버터는 잘 안녹으면 전자렌지에 30초정도 돌려서 녹여주세요./우유에 담가두었던 닭을 깨끗이 씻어 체에 받쳐 물기를 빼고, 준비한 양념으로 재워주어요. 하루 전날부터 재워주시면 더욱 맛나요. 시간이 없으시면 냉장고에 1시간이라도 재워주세요./오븐 석쇠 밑에 호일을 깔아 기름 제거하기 쉽게 해주시고, 오븐 석쇠에 양념이 된 닭을 가지런히 놓아주세요./혹시 중간에 안익은 부분이 있으면 오븐에 좀더 구워주세요.', '170,20,50,110,180', 7),
    (88, '5','14219a17-4187-4d85-a365-0ade293b8481', '특별한 웨지감자 오븐구이', '어른도 아이도 좋아하는 간식거리 하나 만들어 봤어요. 포실포실 짭짜름 꼬소하니 맛있는 웨지감자 오븐구이에요.', 'EASY', 1800,'0dfe9fbb-256c-42ac-a71f-67da50533f55,31c9051f-2009-4d24-8583-1474f4308b66,6cd7065b-9b4d-48ea-9fdc-171794d6b299,a46b08a4-d67e-4fc9-ad5f-3f088a7b11ab,8ee6aa3d-053f-4515-8364-33d566c39f74,9d300b16-4a39-4cff-af9f-3045da955ef9,87c8f58b-bf3f-4df9-b50f-89cbcc25f305', '큰감자 1개,버터 조금,올리브유 1스푼,파슬리가루 1스푼,소금 조금,후추 조금', ' 감자를 8등분으로 썰어 칼집을 살짝 내어주세요./냄비에 감자가 담길 정도의 물을 넣고 소금 1티스푼을 넣어 끓는 물에 5분간 익혀주세요./버터를 적당량 전자렌지에 돌려 녹여주세요./녹인 버터와 파슬리가루 1스푼, 후추 조금, 올리브유 1스푼, 소금 한꼬집으로 양념을 만들어주세요. 취향껏 가감하세요./한번 데쳐둔 감자를 양념에 골고루 버무려 주세요. 그냥 감자 올려놓고 발라주셔도 상관은 없으세요. 후라이팬에 하시는 분들은 양념을 그대로 후라이팬에 넣어 감자를 넣어 익혀주시면 되시구요./200˚c 예열된 오븐에 20분~30분간 익혀주시면 웨지감자 오븐구이 완성이에요. 구우실때에는 한쪽 방면으로 10~15분 구워주시고 반대편으로 다시 한번 구워주시면 맛있게 잘 익어요./웨지감자완성~ 고소하면서도 짭짜름하니 그냥 막 손이가요 ~', '50,80,60,140,10,130,100', 7),
    (89, '1','7672b61c-4b98-4982-9b49-9c704f6691bd', '누구나 따라하는 :: 오븐닭봉구이 :: 달콤새콤짭쪼름한 맛이 자꾸 손이가', '안주로도 간식으로도 좋은 닭봉구이입니다', 'EASY', 3600,'cd02f39b-32de-4f4c-a687-d730bd2b3744,a0242d43-32f9-4c9d-8cc7-f061e56402e5,397d5878-10be-41e7-a38c-2d28421fc5a9,66514222-deea-4bec-93c4-884ae5926bb4,0e3085f0-842a-4110-916f-3f64beb9ea35', '닭봉 1kg,견과류 ,우유 ,후추 ,청주 ,간장 3큰술,다진마늘 2큰술,청주 2큰술,식초 2큰술,케첩 2큰술,올리고당 4큰술,참기름 약간,후추가루 약간', '닭봉은 깨끗하게 씻어 물기뺀 후 칼집 한두군데 넣은 후 우유에 30분 정도 재워둡니다./우유물기를 빼 준 후 후추,청주,소금 뿌려 10분정도 밑간해 둡니다./예열오븐 230도에서 닭봉을 팬에 올리고 30분정도 구워줍니다./오븐사양에 따라 굽는 시간이 달라질 수 있으니 노릇할때까지 구워주세요/양념장을 넣고 바글바글 끓여 구운 닭봉을 넣고 양념이 고루 잘 섞이도록 졸이듯이 버무려줍니다.', '100,60,30,80,170', 7),
    (90, '1','f4ef0884-3d37-4f44-a9f3-adbefa54837b', '초간단 No고추장, No물엿 키토 소세지 야채 볶음', '혹시 소세지 좋아하시나요? 최근에 소세지의 영양성분을 보니 생각보다 당이 많이 안들어있더라고요. 그래서 저탄고지 요리에 이용하면 좋겠다라는 생각이 들어서 소세지를 이용한 가장 흔한 요리인 야채 볶음을 키토식으로 만들어봤습니다!', 'EASY', 900,'d5e2bb97-7a03-41c0-b4c3-f32f1a660304,f0cab934-ae90-4f83-830f-2f924de273e7,c928d9a6-cbf7-4fff-9dbf-44f2250cb2ef,9cf85f35-6dfe-485f-a1c9-1522461a55d5,0024d135-51ba-4a8c-970b-2285d6dce677,5ca59c4a-c196-41b4-9413-3c3851459158', '수제소세지 7개,양송이버섯 4개,파프리카 1개,양파 1/2개,</div> 2T,고춧가루 2t,우스터소스 1t,알룰로스 1주걱,무가당케챱 2주걱,소금과후추 기호에맞게', '재료들을 먹기 좋게 다 같은 크기로 깍둑 썰어주세요./팬에 기름(아보카도유)을 두르고서 달궈주세요./팬에 열이 올라오면 중불로 줄여주고 소세지와 고춧가루를 넣고 볶아주세요. 불맛이 나게 고춧가루를 볶는다고 생각하시면 좋습니다./소세지가 벌어지기 시작하면 채소를 넣고 같이 볶아주세요./채소를 한번 엎어주고 양념들을 넣어주세요. 팬에 온도가 높으면 바로 양념이 타는 느낌이 나니까 바로바로 뒤적여주세요./소스들이 다 묻어 나오고, 채소들이 적당히 숨이 죽고, 소세지가 많이 벌어지면 끝입니다! 추가적으로 향신료나 참깨를 넣으면 더 맛있는 요리를 먹을 수 있습니다.', '150,140,70,50,90,10', 7),
    (91, '1','c4c45e67-3afc-4508-a556-d6cea4d3d987', '누구나 따라하는 요즘대세 키토김밥 만들기', '요즘 대세라고 하는 키토김밥 만들어보았어요.  아래 링크로 동영상 바로 이어져요.!  위기극복 키토김밥! 위기극복하고 만든 레시피예요!  ', 'MEDIUM', 1800,'75b64e2f-5445-498c-8409-d065f40b13b9,f596378f-6632-4165-ad68-595f998decc5,2c24a5cf-1188-4003-a158-868f1d2cefea,3d0d6fbd-06a9-40f0-85c1-e7aea3e9407c', '계란 3-4개,당근 1/2개,오이 1/2개,김밥용김 1,설탕 1T,설탕 ,소금 조금', '계란은 흰자노른자 함께 풀어 지단을 만들어주세요./당근과 오이는 채썰고/계란지단(3~4장)을 돌돌말아 잘라주신 후 김위에 밥대신 올려주세툐./계란지단위에 당근 오이를 나란히 올려주신후 잘 말아주시면 끝!', '40,10,80,100', 8),
    (92, '1','37853ac9-3d59-419b-a076-157d7263fd1f', '인기만점 꼬치없는 꼬치전:김밥재료와 닭가슴살로 만든 키토식 전요리(No밀가루)', '밀가루가 들어가지 않고 꼬치를 꽂지않고 부쳐낸 꼬치전', 'MEDIUM', 1200,'02642ed8-38f5-42da-9e5f-83a123ebb6b4,3059e936-ae38-4883-b6fd-032526a80395,4a304edb-22b4-4a02-ba1d-ad79dd275d14,0fb5c2e8-236e-49d8-b835-d7694b91c963,157c49e2-643f-407a-a587-33437696181e,1a36aba9-a698-44c4-9d86-a9f8e966c607', '달걀 3개,어묵 ,김밥용단무지 ,김밥용햄 ,새송이버섯 ,훈제닭가슴살 ,청고추 ,현미유 ', '재료를 꺼내 손질 후 길게 자른다./단무지는 물기를 빼주세요./달걀에 소금과 맛술을 넣어 풀어줘요./팬에 현미유를 바르고 달걀물을 2/3쯤 붓고 재료를 얹는다./재료 사이사이에 남은 달걀물을 끼얹고 잠시 두었다 뒤집는다./4등분으로 썬다.', '50,120,90,160,60,110', 8),
    (93, '1','1feb31ef-d416-48de-808a-5b610b90ce78', '[자취생] 밥없는 키토식 두부 유부초밥 만들기', '밥없는 키토식 유부초밥으로 맛있게 식단 관리 해보세요!!', 'EASY', 1800,'78670713-d17e-4ca7-ad6a-f4fb587517e8,77b4d29f-4ded-4eb7-a646-5b68fe8106c0,30bec3ab-b1dc-4c15-9fb8-803d6360802c,7696d3e0-5376-4527-b5e5-27b82ba02ea2,30a05318-3258-4cd3-ace8-ffaf62dc6fa8,b610f58f-d2cf-4a32-aa4e-03f00caf8844,020fd0d6-1a07-492e-8416-5e45f350d4f4,bbde0c44-a428-4192-892d-fce3b25a46ac,eec31cdd-baa0-4a58-bda4-fe235d04a12a', '유부주머니 13개,두부 1/2모,청양고추 1~2개,치자단무지 10개,식초 1T,깨 1T,설탕 0.5T', '(유부는 적당히 물기를 짜서 준비해 주세요!)/먼저 가장 중요한 것은 두부의 물기를 천에 꾹 짜서 빼주세요./으깬 두부를 기름을 두르지 않은 팬에 살짝 볶아주시면 좋아요! 물기가 많으면 실패실패!!/두부를 모두 으깨셨으면/그 다음 두부와 쫑쫑설은 재료를 함께 섞어주세요! 재료는 잘게 썰으실 수 록 좋아요!/깨도 솔솔 뿌려주신 후 단촛물을 넣어주시고 이제 유부안에 쏙 넣기만 하면 끝인데요! 단촛물 만드는 법을 알려드릴게요./보통 단촛물은 유부를 사면 저절로 딸려오긴 하지만 없을 경우/깨까지 뿌리셨으면 잘 뒤적뒤적 섞으시고 유부 안에 두부를 꾹꾹 유부가 찢어지지 않게 끔 조심히 넣어주세요!/인내심을 갖고 그릇에 예쁘게 유부를 장식해 주세용~', '10,130,150,30,50,160,140,120,70', 8),
    (94, '1','d9520d20-a4c1-41f3-9569-b327c7a1da31', '[자취생] 3단계로 만드는 밥 없는 키토김밥(다이어트 음식)', '이 요리는 건강하게 먹기 도전 중인 자취생이 해 먹은 요리입니다. 탄수화물을 줄이고 단백질, 지방 섭취를 늘리는 에서 유래한 키토김밥. 과연 건강에 좋을까요?', 'EASY', 1200,'c67f006c-aacf-4a39-9e0a-e640355af84b,7558cd9b-830c-43ac-8c31-277e89a28182,bad5f410-6750-4fc0-8ba5-0fdd2ed12ecf', '김 2장,계란 6개,소금 1/2스푼,식용유 6스푼,깻잎 8장,김밥용우엉 6줄,김밥용단무지 4줄,게맛살 2개,진미채 ,참기름 2스푼', '계란 6개를 풀고 소금 반 스푼을 넣은 후 식용유를 두른 프라이팬에 앞뒤로 익힌다./계란을 한 김 식힌 후 잘게 썰어 준비하고, 깻잎도 꼭지를 떼고 적당한 크기로 썬다. 나머지 재료도 준비한다./잘게 썬 계란을 김의 거친 면 위에 반 이상 덮도록 깔아주고 재료를 올려 말아준다. 겉면에 참기름 한 스푼 펴 발라주면 끝.</div><div class="step_list_txt_tip">- 김밥을 말 때 재료의 끝과 끝이 만나면 모양이 이뻐요.', '50,130,20', 8),
    (95, '1','9e285fc3-02e9-4631-a489-520ee6f9a15c', '특별한 키토김밥 밥없어도 맛있는 계란김밥', '밥 없어도 맛있는  계란김밥 입니다', 'EASY', 1200,'2ceb24d3-3ab1-491a-87cc-120f37da4054,6da22f63-bbb1-43f9-ad39-55676f9363e9,b24c6457-905c-4dc8-921e-b191943913ef,d9bfdbdc-89a9-4bf5-8388-ec51bbf3a64a,725630c3-8076-4fe9-8aed-7ba2b8471a66', '달걀 5개,당근 약간,비트 약간,오이 약간,김 1장,소금 약간,맛술 약간,식용유 약간', '달걀은 잘 풀어/한 김 식히고/당근, 비트는 채썰고/김 펼치고/당근, 오이, 비트올리고', '110,90,80,120,10', 8),
    (96, '1','37e29986-63e7-4f52-a882-8fb5c7b50a08', '초간단 탄수화물 없는 양념만들기 키토고추장(노밀가루!)', '0칼로리소스를 많이 찾는 사람들이 많다. 시중에 파는 고추장도 밀가루가 섞인 것에는 탄수화물이 있다. 건강한 재료로 간단하게 키토고추장을 만들 수 있다.', 'EASY', 600,'d7bc3469-8e7d-4504-998f-a5d7f64bfd04,6316ac9a-d224-40b9-9e0d-2e4f80f49f67,a6caf1a1-3314-4a76-8a35-9c562906f53d,99fb8f19-bc9b-4072-9f7b-e52d8d927bfe,f210817d-2767-435b-af34-5c9ed0f32c25', '소금 15g,에리스리톨 40g,물 130ml,메주가루 10g,증류식소주 3큰술,고운고춧가루 100g', '소금 150g 에리스리톨(설탕 대체재) 40g단맛이 없는 증류식 소주(대장부) 또는 화이트 와인 3큰술을 넣고 잘 섞어준다./물(생수) 130ml, 메줏가루 10g 넣어 가루가 녹을 때까지 저어준다./고운 고춧가루 100g을 넣어주면 완성이다./처음에는 묽은듯하지만 다 섞고 나면 시판 고추장처럼 되직해진다./방부제 없이, 설탕 없이, 밀가루 없이 만드는 고추장이 완성된다.', '50,80,170,130,110', 8);

INSERT INTO Tag (tag_name, recipe_id)
VALUES
    ('달콤', 1),
    ('짭짤', 2),
    ('새콤', 3),
    ('고소', 4),
    ('바삭', 5),
    ('꿀맛', 6),
    ('엄청난육즙', 7),
    ('최애반찬', 8),
    ('밥도둑', 9),
    ('매콤달콤', 10),
    ('냠냠쩝쩝', 11),
    ('촉촉', 12),
    ('풍미가득', 13),
    ('탱글탱글', 14),
    ('입안가득', 15),
    ('부드러운', 16),
    ('상큼', 17),
    ('후루룩', 18),
    ('달콤짭짤', 19),
    ('입에서살살', 20),
    ('시원한', 21),
    ('담백한', 22),
    ('피클', 23),
    ('아삭', 24),
    ('쫄깃', 25),
    ('개운한', 26),
    ('입맛돋우는', 27),
    ('산뜻한', 28),
    ('감칠맛', 29),
    ('얼큰', 30),
    ('촉촉한', 31),
    ('신선한', 32),
    ('깊은맛', 33),
    ('향긋한', 34),
    ('깨끗한맛', 35),
    ('자극적', 36),
    ('부드럽고촉촉', 37),
    ('감칠맛나는', 38),
    ('자연의맛', 39),
    ('흥미로운맛', 40),
    ('시원하고상큼', 41),
    ('기분좋은', 42),
    ('풍부한맛', 43),
    ('입에착붙는', 44),
    ('고급스러운맛', 45),
    ('잊을수없는맛', 46),
    ('다채로운', 47),
    ('환상적인맛', 48);

INSERT INTO Recipe_Review (rating, comment, register_date, forked_recipe_id, recipe_id, member_id)
VALUES
    (5, '정말 맛있어요! 친구들에게도 추천할게요.', '2024-01-20 10:00:00', 49, 1, '2'),
    (3, '조금 실망스러웠어요. 더 맛있는 요리를 기대했는데...', '2024-02-25 14:30:00', NULL, 1, '4'),
    (4, '전체적으로 괜찮았어요. 가족들이 좋아했어요.', '2024-03-15 09:45:00', 50, 2, '2'),
    (5, '정말 맛있고 간단해요! 자주 해먹을 것 같아요.', '2024-04-10 16:20:00', NULL, 2, '1'),
    (2, '제 입맛에는 안 맞았어요. 다시는 안 할 것 같아요.', '2024-05-18 11:10:00', 51, 3, '2'),
    (4, '괜찮은 레시피에요. 다시 해먹을 의향 있어요.', '2024-06-20 12:00:00', NULL, 3, '3'),
    (5, '빠르고 간편하게 만들 수 있어서 좋아요.', '2024-07-25 13:30:00', 52, 4, '2'),
    (3, '평범한 맛이에요. 좀 더 양념이 필요해요.', '2024-08-30 14:45:00', NULL, 4, '5'),
    (4, '아이들도 잘 먹었어요. 간편하게 만들 수 있어서 좋아요.', '2024-09-25 15:20:00', NULL, 4, '1'),
    (5, '정말 만족스러워요. 매주 해먹고 있어요.', '2024-10-10 16:35:00', 53, 5, '2'),
    (5, '놀라운 맛이에요! 남편도 좋아했어요.', '2024-11-05 17:00:00', NULL, 5, '3'),
    (2, '기대 이하였어요. 좀 더 개선이 필요해요.', '2024-11-20 10:30:00', NULL, 5, '4'),
    (3, '그럭저럭 괜찮았어요. 특별한 맛은 없어요.', '2024-12-01 09:50:00', NULL, 5, '5'),
    (5, '아주 쉽고 맛있어요! 레시피 감사합니다.', '2024-12-15 16:00:00', 54, 6, '2'),
    (4, '맛있고 건강해 보여요. 자주 해먹을 것 같아요.', '2024-12-25 11:15:00', NULL, 6, '2'),
    (5, '최고의 레시피에요. 정말 맛있었어요.', '2025-01-05 12:30:00', 55, 7, '2'),
    (3, '평범했어요. 기대했던 만큼은 아니었어요.', '2025-01-20 13:45:00', NULL, 7, '4'),
    (4, '아이들과 함께 만들기 좋았어요. 맛도 괜찮아요.', '2025-02-10 15:00:00', 56, 8, '2'),
    (5, '이 레시피 정말 좋아요! 다시 만들 예정이에요.', '2025-02-25 16:15:00', NULL, 8, '1'),
    (2, '별로였어요. 제 입맛에는 안 맞아요.', '2025-03-05 10:45:00', 57, 9, '2'),
    (4, '맛있었어요. 조금 더 간을 하면 좋을 것 같아요.', '2025-03-20 12:15:00', 58, 10, '2'),
    (5, '완벽한 요리였어요. 모두가 만족했어요.', '2025-04-05 13:30:00', 59, 11, '3'),
    (3, '무난한 맛이에요. 다시 만들지는 않을 것 같아요.', '2025-04-20 14:45:00', NULL, 11, '5'),
    (5, '아주 만족스러운 레시피였어요. 감사합니다.', '2025-05-05 15:30:00', 60, 12, '3'),
    (4, '괜찮았어요. 다시 해먹을 수 있을 것 같아요.', '2025-05-20 16:45:00', 61, 13, '3'),
    (5, '정말 맛있어요! 친구들에게도 추천할게요.', '2024-01-20 10:00:00', 62, 14, '3'),
    (3, '조금 실망스러웠어요. 더 맛있는 요리를 기대했는데...', '2024-02-25 14:30:00', NULL, 14, '4'),
    (4, '전체적으로 괜찮았어요. 가족들이 좋아했어요.', '2024-03-15 09:45:00', 63, 15, '3'),
    (5, '정말 맛있고 간단해요! 자주 해먹을 것 같아요.', '2024-04-10 16:20:00', NULL, 15, '1'),
    (2, '제 입맛에는 안 맞았어요. 다시는 안 할 것 같아요.', '2024-05-18 11:10:00', 64, 16, '3'),
    (4, '괜찮은 레시피에요. 다시 해먹을 의향 있어요.', '2024-06-20 12:00:00', 65, 17, '3'),
    (5, '빠르고 간편하게 만들 수 있어서 좋아요.', '2024-07-25 13:30:00', NULL, 17, '4'),
    (3, '평범한 맛이에요. 좀 더 양념이 필요해요.', '2024-08-30 14:45:00', 66, 18, '3'),
    (4, '아이들도 잘 먹었어요. 간편하게 만들 수 있어서 좋아요.', '2024-09-25 15:20:00', NULL, 18, '1'),
    (5, '정말 만족스러워요. 매주 해먹고 있어요.', '2024-10-10 16:35:00', 67, 19, '3'),
    (5, '놀라운 맛이에요! 남편도 좋아했어요.', '2024-11-05 17:00:00', 68, 20, '3'),
    (2, '기대 이하였어요. 좀 더 개선이 필요해요.', '2024-11-20 10:30:00', 69, 21, '4'),
    (3, '그럭저럭 괜찮았어요. 특별한 맛은 없어요.', '2024-12-01 09:50:00', 70, 22, '4'),
    (5, '아주 쉽고 맛있어요! 레시피 감사합니다.', '2024-12-15 16:00:00', 71, 23, '4'),
    (4, '맛있고 건강해 보여요. 자주 해먹을 것 같아요.', '2024-12-25 11:15:00', 72, 24, '4'),
    (5, '최고의 레시피에요. 정말 맛있었어요.', '2025-01-05 12:30:00', 73, 25, '4'),
    (3, '평범했어요. 기대했던 만큼은 아니었어요.', '2025-01-20 13:45:00', 74, 26, '4'),
    (4, '아이들과 함께 만들기 좋았어요. 맛도 괜찮아요.', '2025-02-10 15:00:00', 75, 27, '4'),
    (5, '이 레시피 정말 좋아요! 다시 만들 예정이에요.', '2025-02-25 16:15:00', 76, 28, '4'),
    (2, '별로였어요. 제 입맛에는 안 맞아요.', '2025-03-05 10:45:00', 77, 29, '4'),
    (4, '맛있었어요. 조금 더 간을 하면 좋을 것 같아요.', '2025-03-20 12:15:00', 78, 30, '4'),
    (5, '완벽한 요리였어요. 모두가 만족했어요.', '2025-04-05 13:30:00', 79, 31, '5'),
    (3, '무난한 맛이에요. 다시 만들지는 않을 것 같아요.', '2025-04-20 14:45:00', NULL, 31, '5'),
    (5, '아주 만족스러운 레시피였어요. 감사합니다.', '2025-05-05 15:30:00', 80, 32, '5'),
    (4, '괜찮았어요. 다시 해먹을 수 있을 것 같아요.', '2025-05-20 16:45:00', 81, 33, '5'),
    (5, '정말 맛있어요! 친구들에게도 추천할게요.', '2024-01-20 10:00:00', 82, 34, '5'),
    (3, '조금 실망스러웠어요. 더 맛있는 요리를 기대했는데...', '2024-02-25 14:30:00', NULL, 34, '4'),
    (4, '전체적으로 괜찮았어요. 가족들이 좋아했어요.', '2024-03-15 09:45:00', 83, 35, '5'),
    (5, '정말 맛있고 간단해요! 자주 해먹을 것 같아요.', '2024-04-10 16:20:00', 84, 36, '5'),
    (2, '제 입맛에는 안 맞았어요. 다시는 안 할 것 같아요.', '2024-05-18 11:10:00', 85, 37, '5'),
    (4, '괜찮은 레시피에요. 다시 해먹을 의향 있어요.', '2024-06-20 12:00:00', 86, 38, '5'),
    (5, '빠르고 간편하게 만들 수 있어서 좋아요.', '2024-07-25 13:30:00', 87, 39, '5'),
    (3, '평범한 맛이에요. 좀 더 양념이 필요해요.', '2024-08-30 14:45:00', 88, 40, '5'),
    (4, '아이들도 잘 먹었어요. 간편하게 만들 수 있어서 좋아요.', '2024-09-25 15:20:00', 89, 40, '1'),
    (5, '정말 만족스러워요. 매주 해먹고 있어요.', '2024-10-10 16:35:00', 90, 41, '1'),
    (5, '놀라운 맛이에요! 남편도 좋아했어요.', '2024-11-05 17:00:00', 91, 42, '1'),
    (2, '기대 이하였어요. 좀 더 개선이 필요해요.', '2024-11-20 10:30:00', 92, 43, '1'),
    (3, '그럭저럭 괜찮았어요. 특별한 맛은 없어요.', '2024-12-01 09:50:00', 93, 45, '1'),
    (5, '아주 쉽고 맛있어요! 레시피 감사합니다.', '2024-12-15 16:00:00', 94, 46, '1'),
    (4, '맛있고 건강해 보여요. 자주 해먹을 것 같아요.', '2024-12-25 11:15:00', NULL, 46, '1'),
    (5, '최고의 레시피에요. 정말 맛있었어요.', '2025-01-05 12:30:00', 95, 47, '1'),
    (3, '평범했어요. 기대했던 만큼은 아니었어요.', '2025-01-20 13:45:00', NULL, 47, '1'),
    (4, '아이들과 함께 만들기 좋았어요. 맛도 괜찮아요.', '2025-02-10 15:00:00', 96, 48, '1');

INSERT INTO Allergy (allergy_id,allergy_name)
VALUES
    (1,'알류'),
    (2,'우유'),
    (3,'메밀'),
    (4,'땅콩'),
    (5,'대두'),
    (6,'밀'),
    (7,'잣'),
    (8,'호두'),
    (9,'게'),
    (10,'새우'),
    (11,'오징어'),
    (12,'고등'),
    (13,'조개류'),
    (14,'복숭아'),
    (15,'토마토'),
    (16,'닭고기'),
    (17,'돼지고기'),
    (18,'쇠고기'),
    (19,'아황산류');

INSERT INTO Recipe_allergy (recipe_id, allergy_id)
VALUES
    (1, 1),
    (1, 3),
    (2, 11),
    (4, 1),
    (5, 1),
    (5, 2),
    (6, 5),
    (7, 5),
    (7, 6),
    (8, 16),
    (9, 5),
    (9, 6),
    (10, 1),
    (11, 5),
    (12, 5),
    (16, 2),
    (17, 5),
    (19, 5),
    (19, 6),
    (21, 5),
    (21, 2),
    (22, 2),
    (23, 5),
    (23, 2),
    (24, 10),
    (24, 1),
    (24, 6),
    (25, 6),
    (26, 5),
    (27, 1),
    (27, 2),
    (28, 2),
    (29, 2),
    (30, 2),
    (31, 5),
    (32, 5),
    (34, 16),
    (35, 16),
    (36, 16),
    (37, 17),
    (38, 2),
    (39, 16),
    (41, 16),
    (42, 5),
    (43, 1),
    (44, 1),
    (45, 5),
    (46, 5),
    (49, 2),
    (50, 5),
    (51, 5),
    (52, 5),
    (53, 2),
    (54, 5),
    (55, 5),
    (56, 2),
    (58, 5),
    (59, 5),
    (60, 5),
    (61, 5),
    (62, 5),
    (63, 5),
    (64, 5),
    (65, 5),
    (66, 5),
    (67, 5),
    (68, 5),
    (69, 5),
    (70, 5),
    (71, 5),
    (72, 5),
    (73, 5),
    (74, 5),
    (75, 5),
    (76, 5),
    (77, 5),
    (78, 5),
    (79, 5),
    (80, 5),
    (81, 5),
    (82, 5),
    (83, 5),
    (84, 5),
    (85, 5),
    (86, 5),
    (87, 5),
    (88, 5),
    (89, 5),
    (90, 5),
    (91, 5),
    (92, 5),
    (93, 5),
    (94, 5),
    (95, 5),
    (96, 5);

INSERT INTO keyword (keyword, count)
VALUES
    ('치킨', 150),
    ('소고기', 120),
    ('야채', 100),
    ('샐러드', 90),
    ('수프', 80),
    ('파스타', 70),
    ('밥', 60),
    ('빵', 50),
    ('디저트', 40),
    ('스시', 30),
    ('피자', 25),
    ('스테이크', 20),
    ('타코', 15),
    ('버거', 10),
    ('카레', 5),
    ('치킨스프', 10),
    ('야채 샐러드', 190),
    ('초밥 스시', 30),
    ('계란', 25),
    ('햄버거', 10);

INSERT INTO Likes (member_id, recipe_id)
VALUES
    ('1', 1),
    ('2', 2),
    ('3', 3),
    ('4', 4),
    ('5', 5),
    ('1', 6),
    ('2', 7),
    ('3', 8),
    ('4', 9),
    ('5', 10),
    ('1', 11),
    ('2', 12),
    ('3', 13),
    ('4', 14),
    ('5', 15);

INSERT INTO Member_recipe (member_id, recipe_id)
VALUES
    ('1', 1),
    ('1', 2),
    ('2', 3),
    ('3', 4),
    ('4', 5),
    ('5', 1),
    ('2', 2),
    ('3', 3),
    ('4', 4),
    ('5', 5),
    ('2',54);

INSERT INTO Member_allergy (member_id, allergy_id)
VALUES
    ('1', 1),
    ('1', 2),
    ('2', 3),
    ('2', 4),
    ('2', 5),
    ('2', 6),
    ('2', 7),
    ('2', 8),
    ('3', 9),
    ('3', 10),
    ('3', 11),
    ('3', 12),
    ('3', 13),
    ('4', 14),
    ('4', 15),
    ('5', 16),
    ('5', 17),
    ('5', 18);

INSERT INTO Cooked_record (cooked_count, recipe_id)
VALUES
    (102, 1),
    (512, 2),
    (821, 3),
    (122, 4),
    (76, 5),
    (8196,6),
    (1524,7),
    (2120,8),
    (56,9),
    (10954,10),
    (1022, 11),
    (5132, 12),
    (21, 13),
    (12, 14),
    (698, 15),
    (196,16),
    (124,17),
    (21120,18),
    (78,19),
    (194,20),
    (102, 21),
    (512, 22),
    (21, 23),
    (12, 24),
    (698, 25),
    (1962,26),
    (14,27),
    (31240,28),
    (578,29),
    (154,30),
    (22, 31),
    (532, 32),
    (218, 33),
    (612, 34),
    (698, 35),
    (16,36),
    (1254,37),
    (120,38),
    (586,39),
    (194,40),
    (212, 41),
    (5532, 42),
    (2218, 43),
    (1612, 44),
    (68, 45),
    (161,46),
    (10254,47),
    (120,48),
    (58,49),
    (1942,50);